

     *****************************************************************
     *                   ANSYS Chemkin-Pro 2023 R1                   *
     *                       CHEM Application                        *
     *                GAS-PHASE MECHANISM INTERPRETER                *
     *                 Copyright(c) 2023 ANSYS, Inc.                 *                
     *Run Date and Time: May 28, 2026   19:14:59     330 min from UTC*
     *****************************************************************



Initializing CHEMKIN Gas-phase Interpreter a component of ANSYS Chemkin-Pro 2023 R1, Build date: Nov 17, 2022
This and All Other CHEMKIN(R) Libraries are Copyright (c) 2023 Ansys, Inc.  Unauthorized use, distribution, or duplication is prohibited.This product is subject to U.S. laws governing export andre-export.  For full Legal Notice, see documentation.


LICENSE INFORMATION: 
 

LicNum: unknown                                                                                                                                                                                                                                                                                                                                                                                                                                                                                                                 

                WORKING SPACE REQUIREMENTS
                 PROVIDED        REQUIRED 
 LOGICAL              161            161
 INTEGER           110558         110558
 REAL              173517         173517
 CHARACTER          15732          15732

This problem requires      1.324MB of memory for the REAL array.
                          --------------------
                          ELEMENTS     ATOMIC
                          CONSIDERED   WEIGHT
                          --------------------
                           1. Ar      39.9480    
                           2. N       14.0067    
                           3. C       12.0112    
                           4. H       1.00797    
                           5. O       15.9994    
                          --------------------
 -------------------------------------------------------------------------------
                            C
                         P  H
                         H  A
                         A  R
 SPECIES                 S  G  MOLECULAR  TEMPERATURE  ELEMENT COUNT
 CONSIDERED              E  E  WEIGHT     LOW    HIGH          Ar        N         C         H         O 
 -------------------------------------------------------------------------------
     1. Ar               G  0 3.9948E+01   300   4000          1         0         0         0         0
     2. n2               G  0 2.8013E+01   300   5000          0         2         0         0         0
     3. ch3              G  0 1.5035E+01   300   5000          0         0         1         3         0
     4. h                G  0 1.0080E+00   300   5000          0         0         0         1         0
     5. ch4              G  0 1.6043E+01   300   5000          0         0         1         4         0
     6. h2               G  0 2.0159E+00   300   5000          0         0         0         2         0
     7. oh               G  0 1.7007E+01   300   5000          0         0         0         1         1
     8. h2o              G  0 1.8015E+01   300   5000          0         0         0         2         1
     9. o                G  0 1.5999E+01   300   5000          0         0         0         0         1
    10. c2h6             G  0 3.0070E+01   300   5000          0         0         2         6         0
    11. c2h5             G  0 2.9062E+01   300   5000          0         0         2         5         0
    12. hco              G  0 2.9019E+01   300   5000          0         0         1         1         1
    13. co               G  0 2.8011E+01   300   5000          0         0         1         0         1
    14. co2              G  0 4.4010E+01   300   5000          0         0         1         0         2
    15. o2               G  0 3.1999E+01   300   5000          0         0         0         0         2
    16. h2o2             G  0 3.4015E+01   300   5000          0         0         0         2         2
    17. ho2              G  0 3.3007E+01   300   5000          0         0         0         1         2
    18. c2h4             G  0 2.8054E+01   300   5000          0         0         2         4         0
    19. ch3oh            G  0 3.2042E+01   300   5000          0         0         1         4         1
    20. ch2oh            G  0 3.1034E+01   250   4000          0         0         1         3         1
    21. ch3o             G  0 3.1034E+01   300   3000          0         0         1         3         1
    22. ch2o             G  0 3.0026E+01   300   5000          0         0         1         2         1
    23. c2h2             G  0 2.6038E+01   300   5000          0         0         2         2         0
    24. c2h3             G  0 2.7046E+01   300   5000          0         0         2         3         0
    25. c2h              G  0 2.5030E+01   300   4000          0         0         2         1         0
    26. hcco             G  0 4.1030E+01   300   4000          0         0         2         1         1
    27. ch2              G  0 1.4027E+01   250   4000          0         0         1         2         0
    28. ch               G  0 1.3019E+01   300   5000          0         0         1         1         0
    29. ch2co            G  0 4.2038E+01   300   5000          0         0         2         2         1
    30. ch2(s)           G  0 1.4027E+01   300   4000          0         0         1         2         0
    31. pc2h4oh          G  0 4.5062E+01   300   5000          0         0         2         5         1
    32. ch3co            G  0 4.3046E+01   300   5000          0         0         2         3         1
    33. ch3cho           G  0 4.4054E+01   300   5000          0         0         2         4         1
    34. c3h5-s           G  0 4.1073E+01   300   5000          0         0         3         5         0
    35. c3h4-p           G  0 4.0065E+01   300   4000          0         0         3         4         0
    36. c3h5-a           G  0 4.1073E+01   300   5000          0         0         3         5         0
    37. c3h6             G  0 4.2081E+01   300   5000          0         0         3         6         0
    38. c3h4-a           G  0 4.0065E+01   300   4000          0         0         3         4         0
    39. ch3chco          G  0 5.6065E+01   300   5000          0         0         3         4         1
    40. c3h5-t           G  0 4.1073E+01   300   5000          0         0         3         5         0
    41. c4h6             G  0 5.4092E+01   300   5000          0         0         4         6         0
    42. nc3h7            G  0 4.3089E+01   300   5000          0         0         3         7         0
    43. ic3h7            G  0 4.3089E+01   300   5000          0         0         3         7         0
    44. c3h8             G  0 4.4097E+01   300   5000          0         0         3         8         0
    45. c5h9             G  0 6.9127E+01   300   5000          0         0         5         9         0
    46. c4h7             G  0 5.5100E+01   300   5000          0         0         4         7         0
    47. c4h8-1           G  0 5.6108E+01   300   5000          0         0         4         8         0
    48. sc4h9            G  0 5.7116E+01   300   5000          0         0         4         9         0
    49. pc4h9            G  0 5.7116E+01   300   5000          0         0         4         9         0
    50. ch3coch3         G  0 5.8081E+01   300   5000          0         0         3         6         1
    51. ch3coch2         G  0 5.7073E+01   300   5000          0         0         3         5         1
    52. c2h5co           G  0 5.7073E+01   300   5000          0         0         3         5         1
    53. c2h5cho          G  0 5.8081E+01   300   5000          0         0         3         6         1
    54. c5h10-1          G  0 7.0135E+01   300   5000          0         0         5        10         0
    55. ch2cho           G  0 4.3046E+01   300   5000          0         0         2         3         1
    56. c5h11-1          G  0 7.1143E+01   300   5000          0         0         5        11         0
    57. c5h11-2          G  0 7.1143E+01   300   5000          0         0         5        11         0
    58. c2h5o            G  0 4.5062E+01   300   5000          0         0         2         5         1
    59. c2h5o2           G  0 6.1061E+01   300   5000          0         0         2         5         2
    60. ch3o2            G  0 4.7034E+01   300   5000          0         0         1         3         2
    61. ch3o2h           G  0 4.8042E+01   300   5000          0         0         1         4         2
    62. c3h2             G  0 3.8049E+01   150   4000          0         0         3         2         0
    63. o2c2h4oh         G  0 7.7060E+01   300   5000          0         0         2         5         3
    64. c2h4o2h          G  0 6.1061E+01   300   5000          0         0         2         5         2
    65. c2h3co           G  0 5.5057E+01   300   5000          0         0         3         3         1
    66. c2h3cho          G  0 5.6065E+01   300   5000          0         0         3         4         1
    67. c3h5o            G  0 5.7073E+01   300   5000          0         0         3         5         1
    68. c3h6o1-2         G  0 5.8081E+01   300   5000          0         0         3         6         1
    69. c3h6ooh1-2       G  0 7.5088E+01   300   5000          0         0         3         7         2
    70. c3h6ooh2-1       G  0 7.5088E+01   300   5000          0         0         3         7         2
    71. nc3h7o           G  0 5.9089E+01   300   5000          0         0         3         7         1
    72. ic3h7o           G  0 5.9089E+01   300   5000          0         0         3         7         1
    73. nc3h7o2          G  0 7.5088E+01   300   5000          0         0         3         7         2
    74. ic3h7o2          G  0 7.5088E+01   300   5000          0         0         3         7         2
    75. c4h7o            G  0 7.1100E+01   300   5000          0         0         4         7         1
    76. c4h8ooh1-3o2     G  0 1.2111E+02   300   5000          0         0         4         9         4
    77. c4h8ooh1-3       G  0 8.9115E+01   300   5000          0         0         4         9         2
    78. nc4ket13         G  0 1.0411E+02   300   5000          0         0         4         8         3
    79. c4h8ooh1-2       G  0 8.9115E+01   300   5000          0         0         4         9         2
    80. c4h8o1-3         G  0 7.2108E+01   300   5000          0         0         4         8         1
    81. pc4h9o2          G  0 8.9115E+01   300   5000          0         0         4         9         2
    82. c3h3             G  0 3.9057E+01   300   4000          0         0         3         3         0
    83. hocho            G  0 4.6026E+01   300   5000          0         0         1         2         2
    84. c2h3o1,2         G  0 4.3046E+01   300   5000          0         0         2         3         1
    85. nc3h7cho         G  0 7.2108E+01   300   5000          0         0         4         8         1
    86. nc3h7co          G  0 7.1100E+01   300   5000          0         0         4         7         1
    87. c3h6cho-2        G  0 7.1100E+01   300   5000          0         0         4         7         1
    88. ch2ch2coch3      G  0 7.1100E+01   300   5000          0         0         4         7         1
    89. c2h5coch2        G  0 7.1100E+01   300   5000          0         0         4         7         1
    90. c2h5coc2h4p      G  0 8.5127E+01   300   5000          0         0         5         9         1
    91. nc3h7coch2       G  0 8.5127E+01   300   5000          0         0         5         9         1
    92. nc4h9cho         G  0 8.6135E+01   300   5000          0         0         5        10         1
    93. nc4h9co          G  0 8.5127E+01   300   5000          0         0         5         9         1
    94. hoch2o           G  0 4.7034E+01   300   5000          0         0         1         3         2
    95. c6h13-1          G  0 8.5171E+01   300   5000          0         0         6        13         0
    96. c6h12-1          G  0 8.4163E+01   300   5000          0         0         6        12         0
    97. c6h11            G  0 8.3155E+01   300   5000          0         0         6        11         0
    98. nc7h16           G  0 1.0021E+02   300   5000          0         0         7        16         0
    99. c7h15-1          G  0 9.9198E+01   300   5000          0         0         7        15         0
   100. c7h15-2          G  0 9.9198E+01   300   5000          0         0         7        15         0
   101. c7h15-3          G  0 9.9198E+01   300   5000          0         0         7        15         0
   102. c7h15-4          G  0 9.9198E+01   300   5000          0         0         7        15         0
   103. c7h15o2-1        G  0 1.3120E+02   300   5000          0         0         7        15         2
   104. c7h15o2h-1       G  0 1.3220E+02   300   5000          0         0         7        16         2
   105. c7h15o2-2        G  0 1.3120E+02   300   5000          0         0         7        15         2
   106. c7h15o2h-2       G  0 1.3220E+02   300   5000          0         0         7        16         2
   107. c7h15o2-3        G  0 1.3120E+02   300   5000          0         0         7        15         2
   108. c7h15o2h-3       G  0 1.3220E+02   300   5000          0         0         7        16         2
   109. c7h14-1          G  0 9.8190E+01   300   5000          0         0         7        14         0
   110. c7h14-2          G  0 9.8190E+01   300   5000          0         0         7        14         0
   111. c7h14-3          G  0 9.8190E+01   300   5000          0         0         7        14         0
   112. c7h13            G  0 9.7182E+01   300   5000          0         0         7        13         0
   113. c7h15o2-4        G  0 1.3120E+02   300   5000          0         0         7        15         2
   114. c7h15o-1         G  0 1.1520E+02   300   5000          0         0         7        15         1
   115. c7h15o-2         G  0 1.1520E+02   300   5000          0         0         7        15         1
   116. c7h15o-3         G  0 1.1520E+02   300   5000          0         0         7        15         1
   117. c7h14ooh1-2      G  0 1.3120E+02   300   5000          0         0         7        15         2
   118. c7h14ooh1-3      G  0 1.3120E+02   300   5000          0         0         7        15         2
   119. c7h14ooh1-4      G  0 1.3120E+02   300   5000          0         0         7        15         2
   120. c7h14ooh2-3      G  0 1.3120E+02   300   5000          0         0         7        15         2
   121. c7h14ooh2-4      G  0 1.3120E+02   300   5000          0         0         7        15         2
   122. c7h14ooh2-5      G  0 1.3120E+02   300   5000          0         0         7        15         2
   123. c7h14ooh3-1      G  0 1.3120E+02   300   5000          0         0         7        15         2
   124. c7h14ooh3-2      G  0 1.3120E+02   300   5000          0         0         7        15         2
   125. c7h14ooh3-4      G  0 1.3120E+02   300   5000          0         0         7        15         2
   126. c7h14ooh3-5      G  0 1.3120E+02   300   5000          0         0         7        15         2
   127. c7h14ooh3-6      G  0 1.3120E+02   300   5000          0         0         7        15         2
   128. c7h14ooh4-2      G  0 1.3120E+02   300   5000          0         0         7        15         2
   129. c7h14ooh4-3      G  0 1.3120E+02   300   5000          0         0         7        15         2
   130. c7h14o1-3        G  0 1.1419E+02   300   5000          0         0         7        14         1
   131. c7h14o1-4        G  0 1.1419E+02   300   5000          0         0         7        14         1
   132. c7h14o2-4        G  0 1.1419E+02   300   5000          0         0         7        14         1
   133. c7h14o2-5        G  0 1.1419E+02   300   5000          0         0         7        14         1
   134. c7h14o3-5        G  0 1.1419E+02   300   5000          0         0         7        14         1
   135. c7h14ooh1-3o2    G  0 1.6320E+02   300   5000          0         0         7        15         4
   136. c7h14ooh2-3o2    G  0 1.6320E+02   300   5000          0         0         7        15         4
   137. c7h14ooh2-4o2    G  0 1.6320E+02   300   5000          0         0         7        15         4
   138. c7h14ooh2-5o2    G  0 1.6320E+02   300   5000          0         0         7        15         4
   139. c7h14ooh3-1o2    G  0 1.6320E+02   300   5000          0         0         7        15         4
   140. c7h14ooh3-2o2    G  0 1.6320E+02   300   5000          0         0         7        15         4
   141. c7h14ooh3-4o2    G  0 1.6320E+02   300   5000          0         0         7        15         4
   142. c7h14ooh3-5o2    G  0 1.6320E+02   300   5000          0         0         7        15         4
   143. c7h14ooh3-6o2    G  0 1.6320E+02   300   5000          0         0         7        15         4
   144. c7h14ooh4-2o2    G  0 1.6320E+02   300   5000          0         0         7        15         4
   145. c7h14ooh4-3o2    G  0 1.6320E+02   300   5000          0         0         7        15         4
   146. nc7ket13         G  0 1.4619E+02   300   5000          0         0         7        14         3
   147. nc7ket23         G  0 1.4619E+02   300   5000          0         0         7        14         3
   148. nc7ket24         G  0 1.4619E+02   300   5000          0         0         7        14         3
   149. nc7ket25         G  0 1.4619E+02   300   5000          0         0         7        14         3
   150. nc7ket31         G  0 1.4619E+02   300   5000          0         0         7        14         3
   151. nc7ket32         G  0 1.4619E+02   300   5000          0         0         7        14         3
   152. nc7ket34         G  0 1.4619E+02   300   5000          0         0         7        14         3
   153. nc7ket35         G  0 1.4619E+02   300   5000          0         0         7        14         3
   154. nc7ket36         G  0 1.4619E+02   300   5000          0         0         7        14         3
   155. nc7ket42         G  0 1.4619E+02   300   5000          0         0         7        14         3
   156. nc7ket43         G  0 1.4619E+02   300   5000          0         0         7        14         3
   157. nc4h9coch2       G  0 9.9154E+01   300   5000          0         0         6        11         1
   158. c4h7ooh1-4       G  0 8.8107E+01   300   5000          0         0         4         8         2
   159. c5h9ooh1-4       G  0 1.0213E+02   300   5000          0         0         5        10         2
   160. c4h7o1-4         G  0 7.1100E+01   300   5000          0         0         4         7         1
   161. c5h9o1-4         G  0 8.5127E+01   300   5000          0         0         5         9         1
 -------------------------------------------------------------------------------



                                                      (k = A T**b exp(-E/RT))
      REACTIONS CONSIDERED                              A        b        E

   1. ch3+h(+M)=>ch4(+M)                             2.14E+15   -0.4        0.0
      Low pressure limit:  0.33100E+31 -0.40000E+01  0.21080E+04
      TROE centering:      0.00000E+00  0.10000E-14  0.10000E-14  0.40000E+02
      co              Enhanced by    2.000E+00
      co2             Enhanced by    3.000E+00
      h2              Enhanced by    2.000E+00
      h2o             Enhanced by    5.000E+00
   2. ch4(+M)=>ch3+h(+M)                             1.05E+21   -1.4   107900.1
      Low pressure limit:  0.16300E+37 -0.50000E+01  0.11001E+06
      TROE centering:      0.00000E+00  0.10000E-14  0.10000E-14  0.40000E+02
      co              Enhanced by    2.000E+00
      co2             Enhanced by    3.000E+00
      h2              Enhanced by    2.000E+00
      h2o             Enhanced by    5.000E+00
   3. ch4+h=>ch3+h2                                  1.73E+04    3.0     8224.0
   4. ch3+h2=>ch4+h                                  6.61E+02    3.0     7744.0
   5. ch4+oh=>ch3+h2o                                1.93E+05    2.4     2106.1
   6. ch3+h2o=>ch4+oh                                4.82E+02    2.9    14859.9
   7. ch4+o=>ch3+oh                                  2.13E+06    2.2     6479.9
   8. ch3+oh=>ch4+o                                  3.56E+04    2.2     3919.9
   9. c2h6+ch3=>c2h5+ch4                             1.51E-07    6.0     6047.1
  10. c2h5+ch4=>c2h6+ch3                             9.65E-10    6.6    10219.9
  11. hco+oh=>co+h2o                                 1.02E+14    0.0        0.0
  12. co+h2o=>hco+oh                                 2.90E+15    0.0   105200.1
  13. co+oh=>co2+h                                   1.40E+05    1.9    -1347.0
  14. co2+h=>co+oh                                   1.57E+07    1.9    20990.0
  15. h+o2=>o+oh                                     1.97E+14    0.0    16539.9
  16. o+oh=>h+o2                                     1.56E+13    0.0      424.9
  17. h2+o=>h+oh                                     5.08E+04    2.7     6292.1
  18. h+oh=>h2+o                                     2.23E+04    2.7     4196.9
  19. h2o+o=>2oh                                     2.97E+06    2.0    13400.1
  20. 2oh=>h2o+o                                     3.01E+05    2.0    -3849.9
  21. h2+oh=>h+h2o                                   2.16E+08    1.5     3430.0
  22. h+h2o=>h2+oh                                   9.35E+08    1.5    18580.1
  23. hco+M=>co+h+M                                  1.86E+17   -1.0    17000.0
      co              Enhanced by    1.900E+00
      co2             Enhanced by    3.800E+00
      h2              Enhanced by    2.500E+00
      h2o             Enhanced by    1.200E+01
  24. co+h+M=>hco+M                                  6.47E+13    0.0     -441.9
      co              Enhanced by    1.900E+00
      co2             Enhanced by    3.800E+00
      h2              Enhanced by    2.500E+00
      h2o             Enhanced by    1.200E+01
  25. h2o2+oh=>h2o+ho2                               1.00E+12    0.0        0.0
      Declared duplicate reaction...
  26. h2o+ho2=>h2o2+oh                               1.69E+11    0.3    31460.1
      Declared duplicate reaction...
  27. c2h4+o=>ch3+hco                                1.02E+07    1.9      179.0
  28. ch3+hco=>c2h4+o                                2.85E+08    1.1    31770.1
  29. c2h4+h(+M)=>c2h5(+M)                           1.08E+12    0.5     1821.9
      Low pressure limit:  0.11120E+35 -0.50000E+01  0.44479E+04
      TROE centering:      0.10000E+01  0.10000E-14  0.95000E+02  0.20000E+03
      co              Enhanced by    2.000E+00
      co2             Enhanced by    3.000E+00
      h2              Enhanced by    2.000E+00
      h2o             Enhanced by    5.000E+00
  30. c2h5(+M)=>c2h4+h(+M)                           3.59E+14   -0.3    39570.0
      Low pressure limit:  0.36900E+37 -0.57900E+01  0.42196E+05
      TROE centering:      0.10000E+01  0.10000E-14  0.95000E+02  0.20000E+03
      co              Enhanced by    2.000E+00
      co2             Enhanced by    3.000E+00
      h2              Enhanced by    2.000E+00
      h2o             Enhanced by    5.000E+00
  31. ch3oh(+M)=>ch3+oh(+M)                          1.90E+16    0.0    91729.9
      Low pressure limit:  0.29500E+45 -0.73500E+01  0.95460E+05
      TROE centering:      0.41400E+00  0.27900E+03  0.54590E+04  0.10000+101
      co              Enhanced by    2.000E+00
      co2             Enhanced by    3.000E+00
      h2              Enhanced by    2.000E+00
      h2o             Enhanced by    1.600E+01
  32. ch3+oh(+M)=>ch3oh(+M)                          9.18E+10    1.0      745.0
      Low pressure limit:  0.14250E+40 -0.63500E+01  0.44751E+04
      TROE centering:      0.41400E+00  0.27900E+03  0.54590E+04  0.10000+101
      co              Enhanced by    2.000E+00
      co2             Enhanced by    3.000E+00
      h2              Enhanced by    2.000E+00
      h2o             Enhanced by    1.600E+01
  33. c2h6+h=>c2h5+h2                                5.54E+02    3.5     5167.1
  34. c2h5+h2=>c2h6+h                                1.36E-01    4.1     8857.1
  35. ch3oh+ho2=>ch2oh+h2o2                          3.98E+13    0.0    19400.1
  36. ch2oh+h2o2=>ch3oh+ho2                          3.13E+15   -0.9    10750.0
  37. c2h5+o2=>c2h4+ho2                              1.22E+30   -5.8    10099.9
  38. c2h4+ho2=>c2h5+o2                              1.26E+30   -5.6    22310.0
  39. c2h6+oh=>c2h5+h2o                              5.13E+06    2.1      854.9
  40. c2h5+h2o=>c2h6+oh                              1.01E+07    2.1    22979.9
  41. c2h6+o=>c2h5+oh                                1.13E+14    0.0     7849.9
  42. c2h5+oh=>c2h6+o                                2.08E+13    0.0    12719.9
  43. ch3+ho2=>ch3o+oh                               1.10E+13    0.0        0.0
  44. ch3o+oh=>ch3+ho2                               4.78E+14   -0.3    24550.0
  45. co+ho2=>co2+oh                                 3.01E+13    0.0    23000.0
  46. co2+oh=>co+ho2                                 6.44E+15   -0.3    84609.9
  47. 2ch3(+M)=>c2h6(+M)                             9.21E+16   -1.2      635.8
      Low pressure limit:  0.11350E+37 -0.52460E+01  0.17051E+04
      TROE centering:      0.40500E+00  0.11200E+04  0.69600E+02  0.10000E+16
      co              Enhanced by    2.000E+00
      co2             Enhanced by    3.000E+00
      h2              Enhanced by    2.000E+00
      h2o             Enhanced by    5.000E+00
  48. c2h6(+M)=>2ch3(+M)                             4.71E+21   -1.7    87409.9
      Low pressure limit:  0.58010E+41 -0.57760E+01  0.88479E+05
      TROE centering:      0.40500E+00  0.11200E+04  0.69600E+02  0.10000E+16
      co              Enhanced by    2.000E+00
      co2             Enhanced by    3.000E+00
      h2              Enhanced by    2.000E+00
      h2o             Enhanced by    5.000E+00
  49. h2o+M=>h+oh+M                                  1.84E+27   -3.0   122599.9
      co              Enhanced by    1.900E+00
      co2             Enhanced by    3.800E+00
      h2              Enhanced by    2.500E+00
      h2o             Enhanced by    1.200E+01
  50. h+oh+M=>h2o+M                                  2.25E+22   -2.0        0.0
      co              Enhanced by    1.900E+00
      co2             Enhanced by    3.800E+00
      h2              Enhanced by    2.500E+00
      h2o             Enhanced by    1.200E+01
  51. h+o2(+M)=>ho2(+M)                              1.48E+12    0.6        0.0
      Low pressure limit:  0.35000E+17 -0.41000E+00 -0.11159E+04
      TROE centering:      0.50000E+00  0.10000E-29  0.10000E+31  0.10000+101
      co              Enhanced by    1.900E+00
      co2             Enhanced by    3.800E+00
      h2              Enhanced by    2.500E+00
      h2o             Enhanced by    1.200E+01
  52. ho2(+M)=>h+o2(+M)                              5.05E+14   -0.1    49960.1
      Low pressure limit:  0.11990E+20 -0.10800E+01  0.48844E+05
      TROE centering:      0.50000E+00  0.10000E-29  0.10000E+31  0.10000+101
      co              Enhanced by    1.900E+00
      co2             Enhanced by    3.800E+00
      h2              Enhanced by    2.500E+00
      h2o             Enhanced by    1.200E+01
  53. co+o(+M)=>co2(+M)                              1.80E+10    0.0     2384.1
      Low pressure limit:  0.13500E+25 -0.27880E+01  0.41910E+04
      co              Enhanced by    1.900E+00
      co2             Enhanced by    3.800E+00
      h2              Enhanced by    2.500E+00
      h2o             Enhanced by    1.200E+01
  54. co2+M=>co+o+M                                  1.67E+16   -1.0   130099.9
      co              Enhanced by    1.900E+00
      co2             Enhanced by    3.800E+00
      h2              Enhanced by    2.500E+00
      h2o             Enhanced by    1.200E+01
  55. co+o2=>co2+o                                   1.07E-15    7.1    13320.0
  56. co2+o=>co+o2                                   9.44E-15    7.1    19539.9
  57. h+hco=>co+h2                                   7.34E+13    0.0        0.0
  58. co+h2=>h+hco                                   4.81E+14    0.0    90000.0
  59. hco+o=>co+oh                                   3.02E+13    0.0        0.0
  60. co+oh=>hco+o                                   8.70E+13    0.0    87900.1
  61. ch2o+M=>h+hco+M                                6.28E+29   -3.6    93200.1
  62. h+hco+M=>ch2o+M                                2.66E+24   -2.6      427.1
  63. ch2o+oh=>h2o+hco                               3.43E+09    1.2     -446.9
  64. h2o+hco=>ch2o+oh                               1.19E+09    1.2    29380.0
  65. ch2o+h=>h2+hco                                 9.33E+08    1.5     2976.1
  66. h2+hco=>ch2o+h                                 7.45E+07    1.5    17650.1
  67. ch2o+o=>hco+oh                                 4.16E+11    0.6     2761.9
  68. hco+oh=>ch2o+o                                 1.46E+10    0.6    15340.1
  69. ch3+oh=>ch2o+h2                                2.25E+13    0.0     4299.9
  70. ch2o+h2=>ch3+oh                                6.76E+14    0.0    76030.1
  71. ch3+o=>ch2o+h                                  8.00E+13    0.0        0.0
  72. ch2o+h=>ch3+o                                  1.06E+15    0.0    69630.0
  73. ch3+o2=>ch3o+o                                 2.00E+18   -1.6    29210.1
  74. ch3o+o=>ch3+o2                                 3.59E+18   -1.6    -1631.0
  75. ch2o+ch3=>ch4+hco                              3.64E-06    5.4      998.1
  76. ch4+hco=>ch2o+ch3                              7.58E-06    5.4    16150.1
  77. ch3+hco=>ch4+co                                1.21E+14    0.0        0.0
  78. ch4+co=>ch3+hco                                2.07E+16    0.0    90479.9
  79. ch3o(+M)=>ch2o+h(+M)                           5.45E+13    0.0    13500.0
      Low pressure limit:  0.23440E+26 -0.27000E+01  0.30600E+05
  80. ch2o+h+M=>ch3o+M                               3.81E+09    1.0    -7489.0
  81. c2h4(+M)=>c2h2+h2(+M)                          1.80E+13    0.0    76000.0
      Low pressure limit:  0.15000E+16  0.00000E+00  0.55443E+05
  82. c2h2+h2+M=>c2h4+M                              1.88E+11    0.2    34780.1
  83. ho2+o=>o2+oh                                   3.25E+13    0.0        0.0
  84. o2+oh=>ho2+o                                   7.86E+14   -0.3    55390.1
  85. hco+ho2=>ch2o+o2                               2.97E+10    0.3    -3860.9
  86. ch2o+o2=>hco+ho2                               2.05E+13    0.0    38950.1
  87. ch3o+o2=>ch2o+ho2                              5.50E+10    0.0     2424.0
  88. ch2o+ho2=>ch3o+o2                              1.32E+09    0.3    31390.1
  89. ch3+ho2=>ch4+o2                                3.60E+12    0.0        0.0
  90. ch4+o2=>ch3+ho2                                5.18E+15   -0.3    57960.1
  91. hco+o2=>co+ho2                                 7.58E+12    0.0      409.9
  92. co+ho2=>hco+o2                                 9.03E+11    0.3    32930.0
  93. h+ho2=>2oh                                     7.08E+13    0.0      299.9
  94. 2oh=>h+ho2                                     1.35E+14   -0.3    39570.0
  95. h+ho2=>h2+o2                                   1.66E+13    0.0      820.0
  96. h2+o2=>h+ho2                                   9.14E+14   -0.3    58299.9
  97. ho2+oh=>h2o+o2                                 2.89E+13    0.0     -500.0
  98. h2o+o2=>ho2+oh                                 6.89E+15   -0.3    72140.1
  99. h2o2+o2=>2ho2                                  5.94E+17   -0.7    53150.1
      Declared duplicate reaction...
 100. 2ho2=>h2o2+o2                                  4.20E+14    0.0    11979.9
      Declared duplicate reaction...
 101. 2oh(+M)=>h2o2(+M)                              1.24E+14   -0.4        0.0
      Low pressure limit:  0.30410E+31 -0.46300E+01  0.20490E+04
      TROE centering:      0.47000E+00  0.10000E+03  0.20000E+04  0.10000E+16
      co              Enhanced by    1.900E+00
      co2             Enhanced by    3.800E+00
      h2              Enhanced by    2.500E+00
      h2o             Enhanced by    1.200E+01
 102. h2o2(+M)=>2oh(+M)                              3.14E+19   -1.4    51859.9
      Low pressure limit:  0.77210E+36 -0.56300E+01  0.53909E+05
      TROE centering:      0.47000E+00  0.10000E+03  0.20000E+04  0.10000E+16
      co              Enhanced by    1.900E+00
      co2             Enhanced by    3.800E+00
      h2              Enhanced by    2.500E+00
      h2o             Enhanced by    1.200E+01
 103. h+h2o2=>h2o+oh                                 2.41E+13    0.0     3969.9
 104. h2o+oh=>h+h2o2                                 7.75E+12    0.0    74710.1
 105. ch4+ho2=>ch3+h2o2                              3.42E+11    0.0    19289.9
 106. ch3+h2o2=>ch4+ho2                              3.37E+11   -0.3     2501.9
 107. ch2o+ho2=>h2o2+hco                             5.82E-03    4.5     6556.9
 108. h2o2+hco=>ch2o+ho2                             1.19E-02    4.2     4920.9
 109. oh+M=>h+o+M                                    3.91E+22   -2.0   105299.9
      co              Enhanced by    1.900E+00
      co2             Enhanced by    3.800E+00
      h2              Enhanced by    2.500E+00
      h2o             Enhanced by    1.200E+01
 110. h+o+M=>oh+M                                    4.72E+18   -1.0        0.0
      co              Enhanced by    1.900E+00
      co2             Enhanced by    3.800E+00
      h2              Enhanced by    2.500E+00
      h2o             Enhanced by    1.200E+01
 111. o2+M=>2o+M                                     6.47E+20   -1.5   121500.0
      co              Enhanced by    1.900E+00
      co2             Enhanced by    3.800E+00
      h2              Enhanced by    2.500E+00
      h2o             Enhanced by    1.200E+01
 112. 2o+M=>o2+M                                     6.17E+15   -0.5        0.0
      co              Enhanced by    1.900E+00
      co2             Enhanced by    3.800E+00
      h2              Enhanced by    2.500E+00
      h2o             Enhanced by    1.200E+01
 113. h2+M=>2h+M                                     4.57E+19   -1.4   104400.1
      co              Enhanced by    1.900E+00
      co2             Enhanced by    3.800E+00
      h2              Enhanced by    2.500E+00
      h2o             Enhanced by    1.200E+01
 114. 2h+M=>h2+M                                     2.42E+15   -0.4    -3039.9
      co              Enhanced by    1.900E+00
      co2             Enhanced by    3.800E+00
      h2              Enhanced by    2.500E+00
      h2o             Enhanced by    1.200E+01
 115. c2h3+h(+M)=>c2h4(+M)                           6.10E+12    0.3      280.1
      Low pressure limit:  0.98000E+30 -0.38600E+01  0.33200E+04
      TROE centering:      0.78200E+00  0.20800E+03  0.26630E+04  0.60950E+04
 116. c2h4(+M)=>c2h3+h(+M)                           1.69E+15    0.1   107099.9
      Low pressure limit:  0.27180E+33 -0.40300E+01  0.11014E+06
      TROE centering:      0.78200E+00  0.20800E+03  0.26630E+04  0.60950E+04
 117. c2h3+c2h5=>2c2h4                               3.00E+12    0.0        0.0
 118. 2c2h4=>c2h3+c2h5                               4.82E+14    0.0    71530.1
 119. c2h2+h(+M)=>c2h3(+M)                           3.11E+11    0.6     2588.9
      Low pressure limit:  0.22540E+41 -0.72690E+01  0.65770E+04
      TROE centering:      0.10000E+01  0.10000E-14  0.67500E+03  0.10000E+16
      co              Enhanced by    2.000E+00
      co2             Enhanced by    3.000E+00
      h2              Enhanced by    2.000E+00
      h2o             Enhanced by    5.000E+00
 120. c2h3(+M)=>c2h2+h(+M)                           2.03E+15   -0.4    44460.1
      Low pressure limit:  0.14700E+45 -0.82690E+01  0.48448E+05
      TROE centering:      0.10000E+01  0.10000E-14  0.67500E+03  0.10000E+16
      co              Enhanced by    2.000E+00
      co2             Enhanced by    3.000E+00
      h2              Enhanced by    2.000E+00
      h2o             Enhanced by    5.000E+00
 121. c2h4+h=>c2h3+h2                                8.42E-03    4.6     2582.9
 122. c2h3+h2=>c2h4+h                                5.72E-01    3.8     3233.0
 123. c2h4+oh=>c2h3+h2o                              2.02E+13    0.0     5955.1
 124. c2h3+h2o=>c2h4+oh                              1.02E+13    0.0    20219.9
 125. c2h3+o2=>c2h2+ho2                              5.19E-15   -1.3     3310.0
      Declared duplicate reaction...
 126. c2h2+ho2=>c2h3+o2                              2.73E-16   -0.9    11400.1
      Declared duplicate reaction...
 127. c2h2+M=>c2h+h+M                                4.20E+16    0.0   107000.0
 128. c2h+h+M=>c2h2+M                                7.13E+07    2.1   -28909.9
 129. c2h2+o2=>hcco+oh                               2.00E+08    1.5    30099.9
 130. hcco+oh=>c2h2+o2                               2.23E+05    1.5    25400.1
 131. ch2+o2=>co+h2o                                 7.28E+19   -2.5     1809.0
 132. co+h2o=>ch2+o2                                 8.51E+20   -2.5   179800.0
 133. c2h2+oh=>c2h+h2o                               3.37E+07    2.0    14000.0
 134. c2h+h2o=>c2h2+oh                               4.67E+03    3.1      685.0
 135. c2h2+o=>c2h+oh                                 3.16E+15   -0.6    15000.0
 136. c2h+oh=>c2h2+o                                 4.44E+10    0.5   -15570.0
 137. c2h2+o=>ch2+co                                 6.12E+06    2.0     1900.1
 138. ch2+co=>c2h2+o                                 1.15E+06    2.0    52570.0
 139. c2h+o2=>co+hco                                 2.41E+12    0.0        0.0
 140. co+hco=>c2h+o2                                 1.33E+16   -1.1   154099.9
 141. c2h+o=>ch+co                                   1.81E+13    0.0        0.0
 142. ch+co=>c2h+o                                   7.48E+16   -1.1    82130.0
 143. ch2+o2=>hco+oh                                 1.29E+20   -3.3      283.9
 144. hco+oh=>ch2+o2                                 5.31E+19   -3.3    73169.9
 145. ch2+o=>co+2h                                   5.00E+13    0.0        0.0
 146. co+2h=>ch2+o                                   0.00E+00    0.0        0.0
      Warning...zero pre-exponential factor for forward rate constant of irreversible reaction...
 147. ch2+h=>ch+h2                                   1.00E+18   -1.6        0.0
 148. ch+h2=>ch2+h                                   7.03E+17   -1.6     2990.0
 149. ch2+oh=>ch+h2o                                 1.13E+07    2.0     3000.0
 150. ch+h2o=>ch2+oh                                 3.44E+07    2.0    21150.1
 151. ch2+o2=>co2+2h                                 3.29E+21   -3.3     2868.1
 152. co2+2h=>ch2+o2                                 0.00E+00    0.0        0.0
      Warning...zero pre-exponential factor for forward rate constant of irreversible reaction...
 153. ch+o2=>hco+o                                   3.30E+13    0.0        0.0
 154. hco+o=>ch+o2                                   4.40E+13    0.0    71990.0
 155. ch3oh+oh=>ch2oh+h2o                            7.10E+06    1.8     -596.1
 156. ch2oh+h2o=>ch3oh+oh                            3.29E+01    3.5    22719.9
 157. ch3oh+h=>ch3o+h2                               3.60E+12    0.0     6094.9
 158. ch3o+h2=>ch3oh+h                               7.47E+12   -0.0     7825.1
 159. ch3oh+h=>ch2oh+h2                              1.44E+13    0.0     6094.9
 160. ch2oh+h2=>ch3oh+h                              1.54E+07    1.7    14250.0
 161. ch3+ch3oh=>ch2oh+ch4                           3.19E+01    3.2     7172.1
 162. ch2oh+ch4=>ch3+ch3oh                           8.93E-04    4.8    15810.0
 163. ch3oh+o=>ch2oh+oh                              3.88E+05    2.5     3080.1
 164. ch2oh+oh=>ch3oh+o                              4.96E+03    2.5     8781.1
 165. ch2oh+o2=>ch2o+ho2                             3.81E+06    2.0     1641.0
 166. ch2o+ho2=>ch2oh+o2                             1.77E+11    0.7    24180.0
 167. ch2oh(+M)=>ch2o+h(+M)                          2.80E+14   -0.7    32820.0
      Low pressure limit:  0.60100E+34 -0.53900E+01  0.36200E+05
      TROE centering:      0.96000E+00  0.67600E+02  0.18550E+04  0.75430E+04
 168. ch2o+h(+M)=>ch2oh(+M)                          3.79E+16   -1.4     5402.0
      Low pressure limit:  0.81390E+36 -0.60500E+01  0.87820E+04
      TROE centering:      0.96000E+00  0.67600E+02  0.18550E+04  0.75430E+04
 169. c2h3+o2=>c2h2+ho2                              2.12E-06    6.0     9484.0
      Declared duplicate reaction...
 170. c2h2+ho2=>c2h3+o2                              1.11E-07    6.3    17570.0
      Declared duplicate reaction...
 171. h2o2+o=>ho2+oh                                 9.55E+06    2.0     3969.9
 172. ho2+oh=>h2o2+o                                 2.54E+07    1.7    19849.9
 173. c2h2+o=>h+hcco                                 1.43E+07    2.0     1900.1
 174. h+hcco=>c2h2+o                                 2.02E+05    2.0    13310.0
 175. c2h2+oh=>ch2co+h                               2.19E-04    4.5    -1000.0
 176. ch2co+h=>c2h2+oh                               2.16E-03    4.5    19669.9
 177. ch2co+h=>ch3+co                                1.10E+13    0.0     3400.1
 178. ch3+co=>ch2co+h                                2.40E+12    0.0    40200.1
 179. ch2co+o=>ch2+co2                               1.75E+12    0.0     1349.9
 180. ch2+co2=>ch2co+o                               3.74E+12    0.0    53690.0
 181. ch2+o2=>ch2o+o                                 3.29E+21   -3.3     2868.1
 182. ch2o+o=>ch2+o2                                 3.86E+22   -3.3    63180.0
 183. ch2co(+M)=>ch2+co(+M)                          3.00E+14    0.0    70979.9
      Low pressure limit:  0.36000E+16  0.00000E+00  0.59270E+05
 184. ch2+co+M=>ch2co+M                              6.91E+08    1.0    -4359.9
 185. ch2co+o=>hcco+oh                               1.00E+13    0.0     8000.0
 186. hcco+oh=>ch2co+o                               1.43E+10    0.0    -1255.0
 187. ch2co+oh=>h2o+hcco                             1.00E+13    0.0     2000.0
 188. h2o+hcco=>ch2co+oh                             1.41E+11    0.0     9995.0
 189. ch2co+h=>h2+hcco                               2.00E+14    0.0     8000.0
 190. h2+hcco=>ch2co+h                               6.52E+11    0.0      840.1
 191. hcco+oh=>2hco                                  1.00E+13    0.0        0.0
 192. 2hco=>hcco+oh                                  4.82E+13    0.0    40359.9
 193. h+hcco=>ch2(s)+co                              1.10E+14    0.0        0.0
 194. ch2(s)+co=>h+hcco                              6.66E+13    0.0    39260.0
 195. hcco+o=>2co+h                                  8.00E+13    0.0        0.0
 196. 2co+h=>hcco+o                                  0.00E+00    0.0        0.0
      Warning...zero pre-exponential factor for forward rate constant of irreversible reaction...
 197. c2h6+o2=>c2h5+ho2                              4.00E+13    0.0    50900.1
 198. c2h5+ho2=>c2h6+o2                              3.00E+11    0.0        0.0
 199. c2h6+ho2=>c2h5+h2o2                            1.70E+13    0.0    20460.1
 200. c2h5+h2o2=>c2h6+ho2                            1.07E+11    0.2     7842.0
 201. ch2+o2=>co2+h2                                 1.01E+21   -3.3     1507.9
 202. co2+h2=>ch2+o2                                 3.05E+23   -3.3   186700.0
 203. c2h3+ch3=>c2h2+ch4                             3.92E+11    0.0        0.0
 204. c2h2+ch4=>c2h3+ch3                             2.96E+13    0.0    66049.9
 205. c2h5+ch3=>c2h4+ch4                             1.95E+13   -0.5        0.0
 206. c2h4+ch4=>c2h5+ch3                             2.90E+16   -0.7    70169.9
 207. ch2o+ch3oh=>2ch3o                              3.84E+13    0.1    84719.9
 208. 2ch3o=>ch2o+ch3oh                              6.03E+13    0.0        0.0
 209. ch2o+ch3o=>ch3oh+hco                           1.15E+11    0.0     1280.1
 210. ch3oh+hco=>ch2o+ch3o                           3.02E+11    0.0    18159.9
 211. ch3o+ch4=>ch3+ch3oh                            1.57E+11    0.0     8842.0
 212. ch3+ch3oh=>ch3o+ch4                            1.05E+09    0.0    50000.0
 213. c2h6+ch3o=>c2h5+ch3oh                          3.00E+11    0.0     7000.0
 214. c2h5+ch3oh=>c2h6+ch3o                          1.71E+10    0.0    50000.0
 215. c2h3+h=>c2h2+h2                                2.00E+13    0.0     2500.0
 216. c2h2+h2=>c2h3+h                                1.33E+13    0.0    68080.1
 217. ch3o+ch3oh=>ch2oh+ch3oh                        3.00E+11    0.0     4074.1
 218. ch2oh+ch3oh=>ch3o+ch3oh                        1.55E+05    1.7    10500.0
 219. ch3oh+oh=>ch3o+h2o                             1.00E+06    2.1      496.6
 220. ch3o+h2o=>ch3oh+oh                             8.98E+06    2.1    17380.0
 221. c2h5+h=>2ch3                                   3.61E+13    0.0        0.0
 222. 2ch3=>c2h5+h                                   5.45E+16   -1.0    16979.9
 223. c2h3+o2=>ch2o+hco                              1.70E+29   -5.3     6500.0
 224. ch2o+hco=>c2h3+o2                              1.66E+29   -5.3    93049.9
 225. c2h6=>c2h5+h                                   2.78E+21   -1.6   103799.9
 226. c2h5+h=>c2h6                                   3.61E+13    0.0        0.0
 227. pc2h4oh=>c2h4+oh                               1.29E+12   -0.4    26849.9
 228. c2h4+oh=>pc2h4oh                               9.93E+11    0.0     -960.1
 229. c2h4+ch3=>c2h3+ch4                             6.62E+00    3.7     9500.0
 230. c2h3+ch4=>c2h4+ch3                             1.44E+00    4.0     5472.0
 231. ch3co(+M)=>ch3+co(+M)                          3.00E+12    0.0    16719.9
      Low pressure limit:  0.12000E+16  0.00000E+00  0.12518E+05
 232. ch3+co+M=>ch3co+M                              9.62E+11   -0.1     9778.0
 233. ch3cho=>ch3+hco                                2.61E+15    0.1    80549.9
 234. ch3+hco=>ch3cho                                2.00E+13    0.0        0.0
 235. ch3cho+o2=>ch3co+ho2                           3.01E+13    0.0    39150.1
 236. ch3co+ho2=>ch3cho+o2                           8.55E+10    0.3    -1940.0
 237. ch3cho+oh=>ch3co+h2o                           2.00E+06    1.8     1300.0
 238. ch3co+h2o=>ch3cho+oh                           1.35E+06    1.8    32849.9
 239. ch3cho+h=>ch3co+h2                             1.34E+13    0.0     3299.9
 240. ch3co+h2=>ch3cho+h                             2.10E+12   -0.0    19690.0
 241. ch3cho+o=>ch3co+oh                             5.94E+12    0.0     1868.1
 242. ch3co+oh=>ch3cho+o                             4.08E+11   -0.0    16169.9
 243. ch3cho+ho2=>ch3co+h2o2                         3.01E+12    0.0    11930.0
 244. ch3co+h2o2=>ch3cho+ho2                         1.21E+13   -0.3    12010.0
 245. ch3+ch3cho=>ch3co+ch4                          2.61E+06    1.8     5911.1
 246. ch3co+ch4=>ch3+ch3cho                          1.07E+07    1.8    22789.9
 247. c3h5-s=>c2h2+ch3                               9.60E+39   -8.2    42030.1
 248. c2h2+ch3=>c3h5-s                               1.61E+40   -8.6    20330.1
 249. c2h2+ch3=>c3h4-p+h                             1.21E+17   -1.2    16680.0
 250. c3h4-p+h=>c2h2+ch3                             1.00E+14    0.0     4000.0
 251. c3h5-a=>c2h2+ch3                               2.40E+48   -9.9    82080.1
 252. c2h2+ch3=>c3h5-a                               2.61E+46   -9.8    36950.1
 253. c3h6=>c2h3+ch3                                 2.73E+62  -13.3   123200.1
 254. c2h3+ch3=>c3h6                                 4.71E+59  -13.2    29539.9
 255. c2h2+ch3=>c3h4-a+h                             6.74E+19   -2.1    31590.1
 256. c3h4-a+h=>c2h2+ch3                             1.15E+16   -0.7    15789.9
 257. c3h6=>c3h5-a+h                                 2.01E+61  -13.3   118500.0
 258. c3h5-a+h=>c3h6                                 4.89E+56  -12.2    28080.1
 259. c3h6+o=>ch2co+ch3+h                            2.50E+07    1.8       76.0
 260. ch2co+ch3+h=>c3h6+o                            0.00E+00    0.0        0.0
      Warning...zero pre-exponential factor for forward rate constant of irreversible reaction...
 261. c3h6+o=>c2h5+hco                               1.58E+07    1.8    -1216.1
 262. c2h5+hco=>c3h6+o                               1.40E+05    1.9    26510.0
 263. c3h6+o=>ch3chco+2h                             2.50E+07    1.8       76.0
 264. ch3chco+2h=>c3h6+o                             0.00E+00    0.0        0.0
      Warning...zero pre-exponential factor for forward rate constant of irreversible reaction...
 265. c3h6=>c3h5-s+h                                 7.71E+69  -16.1   140000.0
 266. c3h5-s+h=>c3h6                                 1.22E+63  -14.6    26159.9
 267. c3h6+ho2=>c3h5-a+h2o2                          1.50E+11    0.0    14190.0
 268. c3h5-a+h2o2=>c3h6+ho2                          5.87E+05    1.3     9759.1
 269. c3h6+ho2=>c3h5-s+h2o2                          7.50E+09    0.0    12570.0
 270. c3h5-s+h2o2=>c3h6+ho2                          2.31E+04    1.3   -13419.9
 271. c3h6+ho2=>c3h5-t+h2o2                          3.00E+09    0.0     9930.0
 272. c3h5-t+h2o2=>c3h6+ho2                          9.23E+03    1.3   -14060.0
 273. c3h6+oh=>c3h5-a+h2o                            3.12E+06    2.0     -298.0
 274. c3h5-a+h2o=>c3h6+oh                            6.19E+06    2.0    31880.0
 275. c3h6+oh=>c3h5-s+h2o                            2.11E+06    2.0     2778.0
 276. c3h5-s+h2o=>c3h6+oh                            2.72E+04    2.5    11530.1
 277. c4h6=>2c2h3                                    4.03E+19   -1.0    98150.1
 278. 2c2h3=>c4h6                                    1.26E+13    0.0        0.0
 279. c4h6+oh=>c2h5+ch2co                            1.00E+12    0.0        0.0
 280. c2h5+ch2co=>c4h6+oh                            3.73E+12    0.0    30020.1
 281. c4h6+oh=>c3h5-a+ch2o                           1.00E+12    0.0        0.0
 282. c3h5-a+ch2o=>c4h6+oh                           3.50E+06    0.0    71060.0
 283. c4h6+oh=>c2h3+ch3cho                           1.00E+12    0.0        0.0
 284. c2h3+ch3cho=>c4h6+oh                           5.44E+11    0.0    18550.0
 285. c4h6+o=>c2h4+ch2co                             1.00E+12    0.0        0.0
 286. c2h4+ch2co=>c4h6+o                             6.38E+11    0.0    94340.1
 287. c4h6+o=>c3h4-a+ch2o                            1.00E+12    0.0        0.0
 288. c3h4-a+ch2o=>c4h6+o                            1.08E+12    0.0    79049.9
 289. c2h4+o2=>c2h3+ho2                              4.00E+13    0.0    58200.1
 290. c2h3+ho2=>c2h4+o2                              4.94E+13   -0.5     1368.1
 291. ch2o+M=>co+h2+M                                1.83E+32   -4.4    87120.0
 292. co+h2+M=>ch2o+M                                5.07E+27   -3.4    84349.9
 293. nc3h7=>c2h4+ch3                                2.28E+14   -0.6    28400.1
 294. c2h4+ch3=>nc3h7                                4.10E+11    0.0     7204.1
 295. nc3h7=>c3h6+h                                  2.67E+15   -0.6    36820.0
 296. c3h6+h=>nc3h7                                  1.00E+13    0.0     2500.0
 297. nc3h7+o2=>c3h6+ho2                             3.00E+11    0.0     3000.0
 298. c3h6+ho2=>nc3h7+o2                             2.00E+11    0.0    17500.0
 299. c2h4+ch3o=>c2h3+ch3oh                          1.20E+11    0.0     6750.0
 300. c2h3+ch3oh=>c2h4+ch3o                          1.00E+10    0.0     9000.0
 301. c3h6+oh=>c3h5-t+h2o                            1.11E+06    2.0     1451.0
 302. c3h5-t+h2o=>c3h6+oh                            3.28E+03    2.7    12310.0
 303. c3h6+o=>c3h5-a+oh                              5.24E+11    0.7     5884.1
 304. c3h5-a+oh=>c3h6+o                              1.06E+11    0.7    20820.0
 305. c3h6+o=>c3h5-s+oh                              1.20E+11    0.7     8958.9
 306. c3h5-s+oh=>c3h6+o                              1.57E+08    1.2      460.1
 307. c3h6+o=>c3h5-t+oh                              6.03E+10    0.7     7631.9
 308. c3h5-t+oh=>c3h6+o                              1.81E+07    1.4     1243.1
 309. c3h6+h=>c3h5-a+h2                              1.73E+05    2.5     2492.1
 310. c3h5-a+h2=>c3h6+h                              7.93E+04    2.5    19520.1
 311. c3h6+o2=>c3h5-s+ho2                            2.00E+12    0.0    62900.1
 312. c3h5-s+ho2=>c3h6+o2                            1.08E+08    0.8     -984.0
 313. c3h6+h=>c2h4+ch3                               4.83E+33   -5.8    18500.0
 314. c2h4+ch3=>c3h6+h                               2.31E+33   -5.9    31620.0
 315. ic3h7=>c3h6+h                                  8.57E+18   -1.6    40340.1
 316. c3h6+h=>ic3h7                                  1.30E+13    0.0     1560.0
 317. h+ic3h7=>c3h6+h2                               2.00E+13    0.0        0.0
 318. c3h6+h2=>h+ic3h7                               4.82E+09    0.7    12090.1
 319. ic3h7+o2=>c3h6+ho2                             4.50E+11    0.0     5020.1
 320. c3h6+ho2=>ic3h7+o2                             2.00E+11    0.0    17500.0
 321. c3h8=>c2h5+ch3                                 7.90E+22   -1.8    88630.0
 322. c2h5+ch3=>c3h8                                 3.66E+14   -0.4      989.0
 323. c3h8+o2=>ho2+ic3h7                             4.00E+13    0.0    47500.0
 324. ho2+ic3h7=>c3h8+o2                             2.08E+12    0.0        0.0
 325. c3h8+o2=>ho2+nc3h7                             4.00E+13    0.0    47500.0
 326. ho2+nc3h7=>c3h8+o2                             2.08E+12    0.0        0.0
 327. c3h8+h=>h2+ic3h7                               1.30E+06    2.4     4471.1
 328. h2+ic3h7=>c3h8+h                               4.71E+05    2.1    12180.0
 329. c3h8+h=>h2+nc3h7                               1.88E+05    2.8     6280.1
 330. h2+nc3h7=>c3h8+h                               2.76E+01    3.4     9530.1
 331. c3h8+o=>ic3h7+oh                               2.81E+13    0.0     5200.1
 332. ic3h7+oh=>c3h8+o                               1.87E+12    0.0     9607.1
 333. c3h8+o=>nc3h7+oh                               1.13E+14    0.0     7849.9
 334. nc3h7+oh=>c3h8+o                               7.53E+12    0.0    12260.0
 335. c3h8+oh=>h2o+nc3h7                             1.05E+10    1.0     1586.0
 336. h2o+nc3h7=>c3h8+oh                             6.93E+09    1.0    23250.0
 337. c3h8+oh=>h2o+ic3h7                             4.67E+07    1.6      -34.9
 338. h2o+ic3h7=>c3h8+oh                             3.07E+07    1.6    21630.0
 339. c3h8+ho2=>h2o2+ic3h7                           5.60E+12    0.0    17700.0
 340. h2o2+ic3h7=>c3h8+ho2                           4.16E+11    0.0     7425.9
 341. c3h8+ho2=>h2o2+nc3h7                           1.68E+13    0.0    20430.0
 342. h2o2+nc3h7=>c3h8+ho2                           2.33E+12    0.0     9826.0
 343. c3h8+ch3=>ch4+ic3h7                            3.98E+11    0.0     9500.0
 344. ch4+ic3h7=>c3h8+ch3                            1.59E+12    0.0    16479.9
 345. c3h8+ch3=>ch4+nc3h7                            1.29E+12    0.0    11599.9
 346. ch4+nc3h7=>c3h8+ch3                            5.13E+12    0.0    18580.1
 347. c3h8+ic3h7=>c3h8+nc3h7                         3.00E+10    0.0    12900.1
 348. c3h8+nc3h7=>c3h8+ic3h7                         3.00E+10    0.0    12900.1
 349. c2h3+c3h8=>c2h4+ic3h7                          1.00E+11    0.0    10400.1
 350. c2h4+ic3h7=>c2h3+c3h8                          1.31E+11    0.0    17800.0
 351. c2h3+c3h8=>c2h4+nc3h7                          1.00E+11    0.0    10400.1
 352. c2h4+nc3h7=>c2h3+c3h8                          1.31E+11    0.0    17800.0
 353. c2h5+c3h8=>c2h6+ic3h7                          1.00E+11    0.0    10400.1
 354. c2h6+ic3h7=>c2h5+c3h8                          3.63E+10    0.0     9934.0
 355. c2h5+c3h8=>c2h6+nc3h7                          1.00E+11    0.0    10400.1
 356. c2h6+nc3h7=>c2h5+c3h8                          3.63E+10    0.0     9934.0
 357. c3h5-a+c3h8=>c3h6+ic3h7                        2.00E+11    0.0    16099.9
 358. c3h6+ic3h7=>c3h5-a+c3h8                        3.98E+10    0.0     9700.0
 359. c3h5-a+c3h8=>c3h6+nc3h7                        7.94E+11    0.0    20500.0
 360. c3h6+nc3h7=>c3h5-a+c3h8                        1.00E+11    0.0     9800.0
 361. c3h8+ch3o=>ch3oh+nc3h7                         3.00E+11    0.0     7000.0
 362. ch3oh+nc3h7=>c3h8+ch3o                         1.22E+10    0.0     9181.9
 363. c3h8+ch3o=>ch3oh+ic3h7                         3.00E+11    0.0     7000.0
 364. ch3oh+ic3h7=>c3h8+ch3o                         1.22E+10    0.0     9181.9
 365. c5h9=>c2h4+c3h5-a                              2.50E+13    0.0    45000.0
 366. c2h4+c3h5-a=>c5h9                              0.00E+00    0.0        0.0
      Warning...zero pre-exponential factor for forward rate constant of irreversible reaction...
 367. c5h9=>c2h3+c3h6                                2.50E+13    0.0    30000.0
 368. c2h3+c3h6=>c5h9                                1.50E+10    0.0     7400.1
 369. c4h7=>c4h6+h                                   1.20E+14    0.0    49299.9
 370. c4h6+h=>c4h7                                   4.00E+13    0.0     1300.0
 371. c4h7=>c2h3+c2h4                                1.00E+11    0.0    37000.0
 372. c2h3+c2h4=>c4h7                                5.00E+10    0.0     7000.0
 373. c4h6+c4h8-1=>2c4h7                             2.35E+12    0.0    46719.9
 374. 2c4h7=>c4h6+c4h8-1                             1.60E+12    0.0        0.0
 375. c4h7+ch3=>c4h6+ch4                             8.00E+12    0.0        0.0
 376. c4h6+ch4=>c4h7+ch3                             7.05E+13    0.0    57280.1
 377. c3h5-a+c4h7=>c3h6+c4h6                         6.31E+12    0.0        0.0
 378. c3h6+c4h6=>c3h5-a+c4h7                         1.00E+10    0.0    50000.0
 379. c4h7+o2=>c4h6+ho2                              1.00E+09    0.0        0.0
 380. c4h6+ho2=>c4h7+o2                              1.00E+11    0.0    17000.0
 381. c4h7+h=>c4h6+h2                                3.16E+13    0.0        0.0
 382. c4h6+h2=>c4h7+h                                1.07E+13    0.0    56810.0
 383. c2h5+c4h7=>c2h6+c4h6                           3.98E+12    0.0        0.0
 384. c2h6+c4h6=>c2h5+c4h7                           3.21E+12    0.0    49840.1
 385. c2h5+c4h7=>c2h4+c4h8-1                         9.24E+06    1.5     -962.0
 386. c2h4+c4h8-1=>c2h5+c4h7                         7.81E+02    2.9    50960.1
 387. c2h3+c4h7=>c2h4+c4h6                           3.98E+12    0.0        0.0
 388. c2h4+c4h6=>c2h3+c4h7                           1.16E+13    0.0    57710.1
 389. c4h8-1=>c3h5-a+ch3                             5.00E+15    0.0    71000.0
 390. c3h5-a+ch3=>c4h8-1                             5.00E+12    0.0        0.0
 391. c4h8-1=>c2h3+c2h5                              1.00E+19   -1.0    96770.1
 392. c2h3+c2h5=>c4h8-1                              9.00E+12    0.0        0.0
 393. c4h8-1=>c4h7+h                                 4.11E+18   -1.0    97349.9
 394. c4h7+h=>c4h8-1                                 5.00E+13    0.0        0.0
 395. c4h8-1+ch3=>c4h7+ch4                           1.00E+11    0.0     7299.9
 396. c4h7+ch4=>c4h8-1+ch3                           6.00E+11    0.0    17859.9
 397. c4h8-1+h=>c4h7+h2                              5.00E+13    0.0     3900.1
 398. c4h7+h2=>c4h8-1+h                              4.00E+13    0.0    25200.0
 399. c4h8-1+oh=>c4h7+h2o                            2.25E+13    0.0     2217.0
 400. c4h7+h2o=>c4h8-1+oh                            4.77E+12    0.0    26469.9
 401. c3h5-a+c4h8-1=>c3h6+c4h7                       7.90E+10    0.0    12400.1
 402. c3h6+c4h7=>c3h5-a+c4h8-1                       1.00E+11    0.0    17500.0
 403. c4h8-1+ho2=>c4h7+h2o2                          1.40E+12    0.0    14900.1
 404. c4h7+h2o2=>c4h8-1+ho2                          3.16E+11    0.0    13000.0
 405. c4h8-1+o2=>c4h7+ho2                            2.70E+13    0.0    33200.1
 406. c4h7+ho2=>c4h8-1+o2                            3.00E+11    0.0        0.0
 407. sc4h9=>c3h6+ch3                                7.37E+17   -1.4    30229.9
 408. c3h6+ch3=>sc4h9                                3.30E+11    0.0     7200.1
 409. sc4h9=>c4h8-1+h                                3.59E+20   -2.1    40969.9
 410. c4h8-1+h=>sc4h9                                1.00E+13    0.0     1200.0
 411. o2+sc4h9=>c4h8-1+ho2                           4.50E-19    0.0     5020.1
 412. c4h8-1+ho2=>o2+sc4h9                           2.00E-19    0.0    17500.0
 413. pc4h9=>c2h4+c2h5                               7.50E+17   -1.4    29580.1
 414. c2h4+c2h5=>pc4h9                               3.30E+11    0.0     7200.1
 415. pc4h9=>c4h8-1+h                                1.16E+17   -1.2    38159.9
 416. c4h8-1+h=>pc4h9                                1.00E+13    0.0     2900.1
 417. o2+pc4h9=>c4h8-1+ho2                           3.00E-19    0.0     3000.0
 418. c4h8-1+ho2=>o2+pc4h9                           2.00E-19    0.0    17500.0
 419. ch3coch3=>ch3+ch3co                            1.22E+23   -2.0    83950.1
 420. ch3+ch3co=>ch3coch3                            1.00E+13    0.0        0.0
 421. ch3coch3+oh=>ch3coch2+h2o                      1.05E+10    1.0     1586.0
 422. ch3coch2+h2o=>ch3coch3+oh                      6.93E+09    1.0    23250.0
 423. ch3coch3+h=>ch3coch2+h2                        5.63E+07    2.0     7700.1
 424. ch3coch2+h2=>ch3coch3+h                        9.00E+12    0.0   145000.0
 425. ch3coch3+o=>ch3coch2+oh                        1.13E+14    0.0     7849.9
 426. ch3coch2+oh=>ch3coch3+o                        7.50E+12    0.0    12300.0
 427. ch3+ch3coch3=>ch3coch2+ch4                     3.96E+11    0.0     9783.9
 428. ch3coch2+ch4=>ch3+ch3coch3                     5.38E+08    0.9    17539.9
 429. ch3coch3+ch3o=>ch3coch2+ch3oh                  1.00E+11    0.0     7000.0
 430. ch3coch2+ch3oh=>ch3coch3+ch3o                  1.00E+10    0.0     9000.0
 431. ch3coch2=>ch2co+ch3                            1.00E+14    0.0    31000.0
 432. ch2co+ch3=>ch3coch2                            1.00E+11    0.0     6000.0
 433. ch3coch3+o2=>ch3coch2+ho2                      1.20E+14    0.0    46000.0
 434. ch3coch2+ho2=>ch3coch3+o2                      2.00E+12    0.0     2000.0
 435. ch3coch3+ho2=>ch3coch2+h2o2                    1.70E+13    0.0    20460.1
 436. ch3coch2+h2o2=>ch3coch3+ho2                    1.00E+11    0.0     8000.0
 437. c2h5co=>c2h5+co                                1.83E+15   -0.7    12909.9
 438. c2h5+co=>c2h5co                                1.51E+11    0.0     4810.0
 439. c2h5cho+h=>c2h5co+h2                           3.98E+13    0.0     4200.1
 440. c2h5co+h2=>c2h5cho+h                           1.78E+13    0.0    23669.9
 441. c2h5cho+o=>c2h5co+oh                           5.01E+12    0.0     1789.9
 442. c2h5co+oh=>c2h5cho+o                           1.00E+12    0.0    19159.9
 443. c2h5cho+oh=>c2h5co+h2o                         2.69E+10    0.8     -340.1
 444. c2h5co+h2o=>c2h5cho+oh                         1.71E+10    0.8    31200.0
 445. c2h5cho+ch3=>c2h5co+ch4                        2.61E+06    1.8     5911.1
 446. c2h5co+ch4=>c2h5cho+ch3                        9.97E+06    1.8    22780.1
 447. c2h5cho+ho2=>c2h5co+h2o2                       1.00E+12    0.0    11000.0
 448. c2h5co+h2o2=>c2h5cho+ho2                       1.00E+12    0.0    14000.0
 449. c2h5cho+ch3o=>c2h5co+ch3oh                     1.00E+12    0.0     3299.9
 450. c2h5co+ch3oh=>c2h5cho+ch3o                     3.16E+11    0.0    18000.0
 451. c2h5+c2h5cho=>c2h5co+c2h6                      1.00E+12    0.0     8000.0
 452. c2h5co+c2h6=>c2h5+c2h5cho                      1.59E+13    0.0    28000.0
 453. c2h5cho=>c2h5+hco                              9.85E+18   -0.7    81710.1
 454. c2h5+hco=>c2h5cho                              1.81E+13    0.0        0.0
 455. c2h5cho+o2=>c2h5co+ho2                         2.00E+13    0.5    42200.1
 456. c2h5co+ho2=>c2h5cho+o2                         1.91E+14    0.5     3090.1
 457. c2h5cho+nc3h7=>c2h5co+c3h8                     1.70E+12    0.0     8440.0
 458. c2h5co+c3h8=>c2h5cho+nc3h7                     1.90E+14    0.0    18789.9
 459. c2h5cho+ic3h7=>c2h5co+c3h8                     1.70E+12    0.0     8440.0
 460. c2h5co+c3h8=>c2h5cho+ic3h7                     1.90E+14    0.0    18789.9
 461. c2h3+c2h5cho=>c2h4+c2h5co                      1.70E+12    0.0     8440.0
 462. c2h4+c2h5co=>c2h3+c2h5cho                      2.49E+14    0.0    26190.0
 463. c2h5cho+c3h5-a=>c2h5co+c3h6                    1.70E+12    0.0     8440.0
 464. c2h5co+c3h6=>c2h5cho+c3h5-a                    1.00E+13    0.0    28000.0
 465. c5h10-1=>c2h5+c3h5-a                           1.00E+16    0.0    71400.1
 466. c2h5+c3h5-a=>c5h10-1                           1.00E+13    0.0        0.0
 467. c5h10-1+h=>c5h9+h2                             2.80E+13    0.0     4000.0
 468. c5h9+h2=>c5h10-1+h                             1.00E+12    0.0    14000.0
 469. c5h10-1+o=>c5h9+oh                             2.54E+05    2.6    -1130.0
 470. c5h9+oh=>c5h10-1+o                             7.00E+11    0.0    29900.1
 471. c5h10-1+o=>hco+pc4h9                           1.00E+11    0.0        0.0
 472. hco+pc4h9=>c5h10-1+o                           0.00E+00    0.0        0.0
      Warning...zero pre-exponential factor for forward rate constant of irreversible reaction...
 473. c5h10-1+o=>ch3co+nc3h7                         1.00E+11    0.0        0.0
 474. ch3co+nc3h7=>c5h10-1+o                         0.00E+00    0.0        0.0
      Warning...zero pre-exponential factor for forward rate constant of irreversible reaction...
 475. c5h10-1+oh=>c5h9+h2o                           6.80E+13    0.0     3060.0
 476. c5h9+h2o=>c5h10-1+oh                           5.00E+12    0.0    26500.0
 477. c5h10-1+oh=>ch2o+pc4h9                         1.00E+11    0.0        0.0
 478. ch2o+pc4h9=>c5h10-1+oh                         0.00E+00    0.0        0.0
      Warning...zero pre-exponential factor for forward rate constant of irreversible reaction...
 479. c5h10-1+oh=>ch3cho+nc3h7                       1.00E+11    0.0        0.0
 480. ch3cho+nc3h7=>c5h10-1+oh                       0.00E+00    0.0        0.0
      Warning...zero pre-exponential factor for forward rate constant of irreversible reaction...
 481. c5h10-1+ch3=>c5h9+ch4                          1.00E+11    0.0     7299.9
 482. c5h9+ch4=>c5h10-1+ch3                          6.00E+11    0.0    17900.1
 483. h+h2o2=>h2+ho2                                 4.82E+13    0.0     7950.1
 484. h2+ho2=>h+h2o2                                 1.88E+12    0.3    24260.0
 485. hco+o=>co2+h                                   3.00E+13    0.0        0.0
 486. co2+h=>hco+o                                   9.68E+15    0.0   110200.1
 487. ch3+M=>ch2+h+M                                 1.97E+16    0.0    92520.1
 488. ch2+h+M=>ch3+M                                 2.11E+11    1.0   -19620.0
 489. ch3+h=>ch2+h2                                  9.00E+13    0.0    15099.9
 490. ch2+h2=>ch3+h                                  1.82E+13    0.0    10400.1
 491. ch3+oh=>ch2+h2o                                3.00E+06    2.0     2500.0
 492. ch2+h2o=>ch3+oh                                2.62E+06    2.0    12960.1
 493. ch+ch4=>c2h4+h                                 6.00E+13    0.0        0.0
 494. c2h4+h=>ch+ch4                                 3.57E+14    0.0    55479.9
 495. ch3oh(+M)=>ch2oh+h(+M)                         2.69E+16   -0.1    98940.0
      Low pressure limit:  0.23400E+41 -0.63300E+01  0.10310E+06
      TROE centering:      0.77300E+00  0.69300E+03  0.53330E+04  0.10000+101
 496. ch2oh+h(+M)=>ch3oh(+M)                         1.53E+06    2.6     -342.0
      Low pressure limit:  0.13290E+31 -0.36700E+01  0.38179E+04
      TROE centering:      0.77300E+00  0.69300E+03  0.53330E+04  0.10000+101
 497. ch3co+h=>ch2co+h2                              2.00E+13    0.0        0.0
 498. ch2co+h2=>ch3co+h                              7.27E+09    0.0    83039.9
 499. ch3co+o=>ch2co+oh                              2.00E+13    0.0        0.0
 500. ch2co+oh=>ch3co+o                              7.27E+09    0.0    83039.9
 501. ch3+ch3co=>ch2co+ch4                           5.00E+13    0.0        0.0
 502. ch2co+ch4=>ch3+ch3co                           7.27E+09    0.0    83039.9
 503. c2h4+o=>ch2cho+h                               3.39E+06    1.9      179.0
 504. ch2cho+h=>c2h4+o                               9.48E+06    1.8    16049.9
 505. c2h5+o=>ch3cho+h                               5.00E+13    0.0        0.0
 506. ch3cho+h=>c2h5+o                               9.00E+13    0.0    72680.0
 507. c2h6+ch=>c2h5+ch2                              1.10E+14    0.0     -260.0
 508. c2h5+ch2=>c2h6+ch                              3.83E+10    0.6      440.0
 509. ch2o+ch2oh=>ch3oh+hco                          1.29E-01    4.6     6596.1
 510. ch3oh+hco=>ch2o+ch2oh                          9.63E+03    2.9    13109.9
 511. c3h6+o2=>c3h5-t+ho2                            1.40E+12    0.0    60700.1
 512. c3h5-t+ho2=>c3h6+o2                            1.73E+07    1.0    -1074.1
 513. c2h3+c2h4=>c4h6+h                              5.00E+11    0.0     7299.9
 514. c4h6+h=>c2h3+c2h4                              1.00E+13    0.0     4700.1
 515. c5h11-1=>c2h4+nc3h7                            7.97E+17   -1.4    29789.9
 516. c2h4+nc3h7=>c5h11-1                            3.30E+11    0.0     7200.1
 517. c5h11-1=>c5h10-1+h                             3.48E+15   -0.7    37880.0
 518. c5h10-1+h=>c5h11-1                             1.00E+13    0.0     2900.1
 519. c5h11-1+o2=>c5h10-1+ho2                        3.00E-19    0.0     3000.0
 520. c5h10-1+ho2=>c5h11-1+o2                        2.00E-19    0.0    17500.0
 521. c5h11-1=>c5h11-2                               3.88E+09    0.3    19760.0
 522. c5h11-2=>c5h11-1                               1.83E+13   -0.6    24359.9
 523. c5h11-2=>c2h5+c3h6                             3.03E+21   -2.3    30960.1
 524. c2h5+c3h6=>c5h11-2                             3.30E+11    0.0     7200.1
 525. c5h11-2=>c5h10-1+h                             1.64E+19   -1.6    40780.1
 526. c5h10-1+h=>c5h11-2                             1.00E+13    0.0     1200.0
 527. c5h11-2+o2=>c5h10-1+ho2                        4.50E-19    0.0     5020.1
 528. c5h10-1+ho2=>c5h11-2+o2                        2.00E-19    0.0    17500.0
 529. c2h5o+M=>ch2o+ch3+M                            1.35E+38   -7.0    23800.0
 530. ch2o+ch3+M=>c2h5o+M                            6.44E+36   -7.0    16849.9
 531. c2h5o+o2=>ch3cho+ho2                           4.28E+10    0.0     1097.0
 532. ch3cho+ho2=>c2h5o+o2                           3.87E+08    0.4    31880.0
 533. h2o2+o2=>2ho2                                  1.84E+14   -0.7    39549.9
      Declared duplicate reaction...
 534. 2ho2=>h2o2+o2                                  1.30E+11    0.0    -1629.1
      Declared duplicate reaction...
 535. c2h3+o2=>ch2cho+o                              3.50E+14   -0.6     5260.0
 536. ch2cho+o=>c2h3+o2                              2.59E+12    0.1     6458.9
 537. c2h5o2=>c2h5+o2                                4.93E+50  -11.5    42250.0
 538. c2h5+o2=>c2h5o2                                1.09E+48  -11.5    10219.9
 539. ch3o2+M=>ch3+o2+M                              4.34E+27   -3.4    30469.9
 540. ch3+o2+M=>ch3o2+M                              5.44E+25   -3.3        0.0
 541. ch3o2h=>ch3o+oh                                6.31E+14    0.0    42299.9
 542. ch3o+oh=>ch3o2h                                1.17E+11    0.6    -1771.0
 543. c3h2+o2=>co+h+hcco                             5.00E+13    0.0        0.0
 544. co+h+hcco=>c3h2+o2                             0.00E+00    0.0        0.0
      Warning...zero pre-exponential factor for forward rate constant of irreversible reaction...
 545. ch2o+ch3o2=>ch3o2h+hco                         1.99E+12    0.0    11669.9
 546. ch3o2h+hco=>ch2o+ch3o2                         8.50E+12   -0.5     7009.1
 547. c2h4+ch3o2=>c2h3+ch3o2h                        1.13E+13    0.0    30430.0
 548. c2h3+ch3o2h=>c2h4+ch3o2                        3.00E+12    0.0    11500.0
 549. ch3o2+ch4=>ch3+ch3o2h                          1.81E+11    0.0    18479.9
 550. ch3+ch3o2h=>ch3o2+ch4                          3.71E+11   -0.5    -1327.0
 551. ch3o2+ch3oh=>ch2oh+ch3o2h                      1.81E+12    0.0    13710.1
 552. ch2oh+ch3o2h=>ch3o2+ch3oh                      1.04E+08    1.2     2542.1
 553. c2h5+ho2=>c2h5o+oh                             3.20E+13    0.0        0.0
 554. c2h5o+oh=>c2h5+ho2                             3.08E+15   -0.3    27490.0
 555. ch3+ch3o2=>2ch3o                               7.00E+12    0.0    -1000.0
 556. 2ch3o=>ch3+ch3o2                               2.97E+16   -0.9    28310.0
 557. c2h5+ch3o2=>c2h5o+ch3o                         7.00E+12    0.0    -1000.0
 558. c2h5o+ch3o=>c2h5+ch3o2                         6.57E+16   -0.9    31260.0
 559. ch3o2+ho2=>ch3o2h+o2                           1.75E+10    0.0    -3275.1
 560. ch3o2h+o2=>ch3o2+ho2                           5.16E+13   -0.8    34880.0
 561. h2o2+oh=>h2o+ho2                               5.80E+14    0.0     9560.0
      Declared duplicate reaction...
 562. h2o+ho2=>h2o2+oh                               9.77E+13    0.3    41020.1
      Declared duplicate reaction...
 563. 2ch3o2=>ch2o+ch3oh+o2                          3.11E+14   -1.6    -1050.9
 564. ch2o+ch3oh+o2=>2ch3o2                          0.00E+00    0.0        0.0
      Warning...zero pre-exponential factor for forward rate constant of irreversible reaction...
 565. 2ch3o2=>2ch3o+o2                               1.40E+16   -1.6     1859.9
 566. 2ch3o+o2=>2ch3o2                               0.00E+00    0.0        0.0
      Warning...zero pre-exponential factor for forward rate constant of irreversible reaction...
 567. c2h6+ch3o2=>c2h5+ch3o2h                        1.70E+13    0.0    20460.1
 568. c2h5+ch3o2h=>c2h6+ch3o2                        7.50E+11    0.0     1280.1
 569. o2c2h4oh=>o2+pc2h4oh                           3.90E+16   -1.0    30000.0
 570. o2+pc2h4oh=>o2c2h4oh                           1.20E+11    0.0    -1099.9
 571. o2c2h4oh=>2ch2o+oh                             1.25E+10    0.0    18900.1
 572. 2ch2o+oh=>o2c2h4oh                             0.00E+00    0.0        0.0
      Warning...zero pre-exponential factor for forward rate constant of irreversible reaction...
 573. c2h5o2=>c2h4o2h                                5.64E+47  -11.4    37320.0
 574. c2h4o2h=>c2h5o2                                6.99E+48  -12.2    25849.9
 575. c2h5o+M=>ch3cho+h+M                            1.16E+35   -5.9    25270.1
 576. ch3cho+h+M=>c2h5o+M                            3.06E+30   -4.8     6099.9
 577. ch3cho+ch3o2=>ch3co+ch3o2h                     3.01E+12    0.0    11930.0
 578. ch3co+ch3o2h=>ch3cho+ch3o2                     2.52E+13   -0.5     8990.9
 579. c2h3co=>c2h3+co                                2.04E+14   -0.4    31450.0
 580. c2h3+co=>c2h3co                                1.51E+11    0.0     4810.0
 581. c2h3cho+oh=>c2h3co+h2o                         9.24E+06    1.5     -962.0
 582. c2h3co+h2o=>c2h3cho+oh                         1.44E+07    1.5    36450.1
 583. c2h3cho+h=>c2h3co+h2                           1.34E+13    0.0     3299.9
 584. c2h3co+h2=>c2h3cho+h                           4.82E+12    0.0    25560.0
 585. c2h3cho+o=>c2h3co+oh                           5.94E+12    0.0     1868.1
 586. c2h3co+oh=>c2h3cho+o                           9.38E+11    0.0    22030.1
 587. c2h3cho+ho2=>c2h3co+h2o2                       3.01E+12    0.0    11930.0
 588. c2h3co+h2o2=>c2h3cho+ho2                       2.78E+13   -0.3    17880.0
 589. c2h3cho+ch3=>c2h3co+ch4                        2.61E+06    1.8     5911.1
 590. c2h3co+ch4=>c2h3cho+ch3                        2.45E+07    1.8    28650.1
 591. c2h3cho+ch3o2=>c2h3co+ch3o2h                   3.01E+12    0.0    11930.0
 592. c2h3co+ch3o2h=>c2h3cho+ch3o2                   5.79E+13   -0.5    14859.9
 593. c3h5o=>c2h3cho+h                               1.00E+14    0.0    29099.9
 594. c2h3cho+h=>c3h5o                               7.71E+11    0.5    17750.0
 595. c3h5o=>c2h3+ch2o                               2.03E+12    0.1    23560.0
 596. c2h3+ch2o=>c3h5o                               1.50E+11    0.0    10599.9
 597. c3h5o+o2=>c2h3cho+ho2                          1.00E+12    0.0     6000.0
 598. c2h3cho+ho2=>c3h5o+o2                          1.29E+11    0.0    32000.0
 599. c3h5-a+ho2=>c3h5o+oh                           7.00E+12    0.0    -1000.0
 600. c3h5o+oh=>c3h5-a+ho2                           2.04E+13   -0.2    12260.0
 601. c3h5-a+ch3o2=>c3h5o+ch3o                       7.00E+12    0.0    -1000.0
 602. c3h5o+ch3o=>c3h5-a+ch3o2                       1.99E+15   -0.7    17020.1
 603. c3h6+ho2=>c3h6o1-2+oh                          1.29E+12    0.0    14900.1
 604. c3h6o1-2+oh=>c3h6+ho2                          1.00E-10    0.0        0.0
 605. c3h6+ch3o2=>c3h5-a+ch3o2h                      3.24E+11    0.0    14900.1
 606. c3h5-a+ch3o2h=>c3h6+ch3o2                      2.00E+10    0.0    15000.0
 607. c3h6o1-2=>c2h4+ch2o                            6.00E+14    0.0    60000.0
 608. c2h4+ch2o=>c3h6o1-2                            2.97E+11    0.0    50000.0
 609. c3h6o1-2+oh=>c2h3+ch2o+h2o                     5.00E+12    0.0        0.0
 610. c2h3+ch2o+h2o=>c3h6o1-2+oh                     0.00E+00    0.0        0.0
      Warning...zero pre-exponential factor for forward rate constant of irreversible reaction...
 611. c3h6o1-2+h=>c2h3+ch2o+h2                       2.63E+07    2.0     5000.0
 612. c2h3+ch2o+h2=>c3h6o1-2+h                       0.00E+00    0.0        0.0
      Warning...zero pre-exponential factor for forward rate constant of irreversible reaction...
 613. c3h6o1-2+o=>c2h3+ch2o+oh                       8.43E+13    0.0     5200.1
 614. c2h3+ch2o+oh=>c3h6o1-2+o                       0.00E+00    0.0        0.0
      Warning...zero pre-exponential factor for forward rate constant of irreversible reaction...
 615. c3h6o1-2+ho2=>c2h3+ch2o+h2o2                   1.00E+13    0.0    15000.0
 616. c2h3+ch2o+h2o2=>c3h6o1-2+ho2                   0.00E+00    0.0        0.0
      Warning...zero pre-exponential factor for forward rate constant of irreversible reaction...
 617. c3h6o1-2+ch3o2=>c2h3+ch2o+ch3o2h               1.00E+13    0.0    19000.0
 618. c2h3+ch2o+ch3o2h=>c3h6o1-2+ch3o2               0.00E+00    0.0        0.0
      Warning...zero pre-exponential factor for forward rate constant of irreversible reaction...
 619. c3h6o1-2+ch3=>c2h3+ch2o+ch4                    2.00E+11    0.0    10000.0
 620. c2h3+ch2o+ch4=>c3h6o1-2+ch3                    0.00E+00    0.0        0.0
      Warning...zero pre-exponential factor for forward rate constant of irreversible reaction...
 621. c2h4o2h=>c2h4+ho2                              9.29E+30   -6.1    19930.0
 622. c2h4+ho2=>c2h4o2h                              1.88E+25   -4.5    11659.9
 623. c3h6ooh1-2=>c3h6o1-2+oh                        1.25E+15   -1.2    17580.1
 624. c3h6o1-2+oh=>c3h6ooh1-2                        4.97E+08    1.0    29090.1
 625. c3h6ooh2-1=>c3h6o1-2+oh                        3.46E+16   -1.6    18870.0
 626. c3h6o1-2+oh=>c3h6ooh2-1                        2.79E+17   -1.5    33090.1
 627. c3h6ooh1-2=>c3h6+ho2                           5.50E+14   -0.8    15260.0
 628. c3h6+ho2=>c3h6ooh1-2                           6.47E+10    0.2     8278.9
 629. c3h6ooh2-1=>c3h6+ho2                           2.44E+19   -2.1    18229.9
 630. c3h6+ho2=>c3h6ooh2-1                           5.82E+22   -3.2    13960.1
 631. nc3h7o=>c2h5+ch2o                              1.39E+16   -0.9    19770.1
 632. c2h5+ch2o=>nc3h7o                              1.00E+11    0.0    11900.1
 633. ic3h7o=>ch3+ch3cho                             3.84E+17   -1.2    20490.0
 634. ch3+ch3cho=>ic3h7o                             1.50E+11    0.0    12900.1
 635. ic3h7o=>ch3coch3+h                             2.00E+14    0.0    21500.0
 636. ch3coch3+h=>ic3h7o                             7.89E+12    0.2     6810.0
 637. nc3h7o=>c2h5cho+h                              2.51E+14    0.0    23400.1
 638. c2h5cho+h=>nc3h7o                              1.00E+12    0.0        0.0
 639. ic3h7o+o2=>ch3coch3+ho2                        9.09E+09    0.0      390.1
 640. ch3coch3+ho2=>ic3h7o+o2                        1.00E+11    0.0    32000.0
 641. ch3+oh=>ch2(s)+h2o                             2.65E+13    0.0     2185.9
 642. ch2(s)+h2o=>ch3+oh                             3.24E+10    0.9     1211.0
 643. ch3oh+o2=>ch2oh+ho2                            2.05E+13    0.0    44900.1
 644. ch2oh+ho2=>ch3oh+o2                            3.99E+05    2.0    -4424.0
 645. ch3o2+nc3h7o2=>ch3o+nc3h7o+o2                  1.40E+16   -1.6     1859.9
 646. ch3o+nc3h7o+o2=>ch3o2+nc3h7o2                  0.00E+00    0.0        0.0
      Warning...zero pre-exponential factor for forward rate constant of irreversible reaction...
 647. ch3o2+ic3h7o2=>ch3o+ic3h7o+o2                  1.40E+16   -1.6     1859.9
 648. ch3o+ic3h7o+o2=>ch3o2+ic3h7o2                  0.00E+00    0.0        0.0
      Warning...zero pre-exponential factor for forward rate constant of irreversible reaction...
 649. nc3h7o2=>c3h6ooh1-2                            2.00E+11    0.0    26849.9
 650. c3h6ooh1-2=>nc3h7o2                            1.90E+12   -0.2    17650.1
 651. ic3h7o2=>c3h6ooh2-1                            6.00E+11    0.0    29400.1
 652. c3h6ooh2-1=>ic3h7o2                            1.70E+12   -0.5    14359.9
 653. c2h5o2+ic3h7o2=>c2h5o+ic3h7o+o2                1.40E+16   -1.6     1859.9
 654. c2h5o+ic3h7o+o2=>c2h5o2+ic3h7o2                0.00E+00    0.0        0.0
      Warning...zero pre-exponential factor for forward rate constant of irreversible reaction...
 655. c2h5o2+nc3h7o2=>c2h5o+nc3h7o+o2                1.40E+16   -1.6     1859.9
 656. c2h5o+nc3h7o+o2=>c2h5o2+nc3h7o2                0.00E+00    0.0        0.0
      Warning...zero pre-exponential factor for forward rate constant of irreversible reaction...
 657. 2ic3h7o2=>2ic3h7o+o2                           1.40E+16   -1.6     1859.9
 658. 2ic3h7o+o2=>2ic3h7o2                           0.00E+00    0.0        0.0
      Warning...zero pre-exponential factor for forward rate constant of irreversible reaction...
 659. 2nc3h7o2=>2nc3h7o+o2                           1.40E+16   -1.6     1859.9
 660. 2nc3h7o+o2=>2nc3h7o2                           0.00E+00    0.0        0.0
      Warning...zero pre-exponential factor for forward rate constant of irreversible reaction...
 661. ic3h7o2+nc3h7o2=>ic3h7o+nc3h7o+o2              1.40E+16   -1.6     1859.9
 662. ic3h7o+nc3h7o+o2=>ic3h7o2+nc3h7o2              0.00E+00    0.0        0.0
      Warning...zero pre-exponential factor for forward rate constant of irreversible reaction...
 663. ch3+ic3h7o2=>ch3o+ic3h7o                       7.00E+12    0.0    -1000.0
 664. ch3o+ic3h7o=>ch3+ic3h7o2                       1.53E+13   -0.1    26320.0
 665. c2h5+ic3h7o2=>c2h5o+ic3h7o                     7.00E+12    0.0    -1000.0
 666. c2h5o+ic3h7o=>c2h5+ic3h7o2                     3.39E+13   -0.1    29260.0
 667. ic3h7+ic3h7o2=>2ic3h7o                         7.00E+12    0.0    -1000.0
 668. 2ic3h7o=>ic3h7+ic3h7o2                         5.53E+11    0.5    29770.1
 669. ic3h7o2+nc3h7=>ic3h7o+nc3h7o                   7.00E+12    0.0    -1000.0
 670. ic3h7o+nc3h7o=>ic3h7o2+nc3h7                   8.90E+13   -0.2    29750.0
 671. c3h5-a+ic3h7o2=>c3h5o+ic3h7o                   7.00E+12    0.0    -1000.0
 672. c3h5o+ic3h7o=>c3h5-a+ic3h7o2                   1.03E+12    0.1    15030.1
 673. c4h7+ic3h7o2=>c4h7o+ic3h7o                     7.00E+12    0.0    -1000.0
 674. c4h7o+ic3h7o=>c4h7+ic3h7o2                     6.73E+06    1.3    44460.1
 675. ch3+nc3h7o2=>ch3o+nc3h7o                       7.00E+12    0.0    -1000.0
 676. ch3o+nc3h7o=>ch3+nc3h7o2                       1.61E+13    0.0    26130.0
 677. c2h5+nc3h7o2=>c2h5o+nc3h7o                     7.00E+12    0.0    -1000.0
 678. c2h5o+nc3h7o=>c2h5+nc3h7o2                     3.56E+13    0.1    29070.0
 679. ic3h7+nc3h7o2=>ic3h7o+nc3h7o                   7.00E+12    0.0    -1000.0
 680. ic3h7o+nc3h7o=>ic3h7+nc3h7o2                   5.81E+11    0.6    29580.1
 681. nc3h7+nc3h7o2=>2nc3h7o                         7.00E+12    0.0    -1000.0
 682. 2nc3h7o=>nc3h7+nc3h7o2                         9.35E+13   -0.1    29560.0
 683. c3h5-a+nc3h7o2=>c3h5o+nc3h7o                   7.00E+12    0.0    -1000.0
 684. c3h5o+nc3h7o=>c3h5-a+nc3h7o2                   1.08E+12    0.2    14840.1
 685. c4h7+nc3h7o2=>c4h7o+nc3h7o                     7.00E+12    0.0    -1000.0
 686. c4h7o+nc3h7o=>c4h7+nc3h7o2                     7.07E+06    1.5    44270.1
 687. nc3h7o2=>nc3h7+o2                              3.87E+18   -1.2    36080.1
 688. nc3h7+o2=>nc3h7o2                              4.52E+12    0.0        0.0
 689. ic3h7o2=>ic3h7+o2                              4.21E+16   -0.3    35909.9
 690. ic3h7+o2=>ic3h7o2                              7.54E+12    0.0        0.0
 691. ho2+nc3h7=>nc3h7o+oh                           7.00E+12    0.0    -1000.0
 692. nc3h7o+oh=>ho2+nc3h7                           1.77E+15   -0.4    26979.9
 693. ho2+ic3h7=>ic3h7o+oh                           7.00E+12    0.0    -1000.0
 694. ic3h7o+oh=>ho2+ic3h7                           1.10E+13    0.2    27000.0
 695. ch3o2+nc3h7=>ch3o+nc3h7o                       7.00E+12    0.0    -1000.0
 696. ch3o+nc3h7o=>ch3o2+nc3h7                       1.73E+17   -1.0    31740.0
 697. ch3o2+ic3h7=>ch3o+ic3h7o                       7.00E+12    0.0    -1000.0
 698. ch3o+ic3h7o=>ch3o2+ic3h7                       1.07E+15   -0.3    31760.0
 699. c3h8+ch3o2=>ch3o2h+nc3h7                       1.70E+13    0.0    20460.1
 700. ch3o2h+nc3h7=>c3h8+ch3o2                       5.00E+11    0.0     6500.0
 701. c3h8+ch3o2=>ch3o2h+ic3h7                       2.00E+12    0.0    17000.0
 702. ch3o2h+ic3h7=>c3h8+ch3o2                       5.00E+11    0.0     6500.0
 703. c4h7o=>c2h3+ch3cho                             7.94E+14    0.0    19000.0
 704. c2h3+ch3cho=>c4h7o                             1.00E+10    0.0    20000.0
 705. c4h7o=>c2h3cho+ch3                             7.94E+14    0.0    19000.0
 706. c2h3cho+ch3=>c4h7o                             1.00E+10    0.0    20000.0
 707. c4h7+ho2=>c4h7o+oh                             7.00E+12    0.0    -1000.0
 708. c4h7o+oh=>c4h7+ho2                             1.34E+08    1.1    41690.0
 709. c4h7+ch3o2=>c4h7o+ch3o                         7.00E+12    0.0    -1000.0
 710. c4h7o+ch3o=>c4h7+ch3o2                         1.30E+10    0.5    46450.1
 711. c2h5o2+c4h7=>c2h5o+c4h7o                       7.00E+12    0.0    -1000.0
 712. c2h5o+c4h7o=>c2h5o2+c4h7                       8.54E+06    1.4    44289.9
 713. c4h8-1+oh=>ch2o+nc3h7                          1.00E+12    0.0        0.0
 714. ch2o+nc3h7=>c4h8-1+oh                          1.62E+12    0.0    13229.9
 715. c4h8-1+o=>c3h6+ch2o                            7.23E+05    2.3    -1050.0
 716. c3h6+ch2o=>c4h8-1+o                            2.00E+05    2.3    80280.1
 717. c4h8-1+o=>c2h4+ch3cho                          1.30E+13    0.0      849.9
 718. c2h4+ch3cho=>c4h8-1+o                          2.07E+12    0.0    85099.9
 719. c4h8-1+o=>c2h5+ch3co                           1.30E+13    0.0      849.9
 720. c2h5+ch3co=>c4h8-1+o                           2.35E+12    0.0    38150.1
 721. c4h8-1+oh=>c2h5+ch3cho                         1.00E+12    0.0        0.0
 722. c2h5+ch3cho=>c4h8-1+oh                         9.33E+12    0.0    19930.0
 723. c4h8-1+oh=>c2h6+ch3co                          5.00E+11    0.0        0.0
 724. c2h6+ch3co=>c4h8-1+oh                          9.83E+12    0.0    32430.0
 725. c4h8-1+o=>c2h5cho+ch2                          1.30E+13    0.0      849.9
 726. c2h5cho+ch2=>c4h8-1+o                          5.71E+09    0.0    11000.0
 727. c4h8-1+o=>c2h5co+ch3                           1.30E+13    0.0      849.9
 728. c2h5co+ch3=>c4h8-1+o                           4.80E+11    0.0    32550.0
 729. c4h8-1+oh=>c2h5cho+ch3                         1.00E+12    0.0        0.0
 730. c2h5cho+ch3=>c4h8-1+oh                         4.95E+10    0.0    16940.0
 731. c4h8-1+oh=>c2h5co+ch4                          5.00E+11    0.0        0.0
 732. c2h5co+ch4=>c4h8-1+oh                          2.20E+13    0.0    34270.1
 733. c4h8-1+ch3o2=>c4h7+ch3o2h                      1.40E+12    0.0    14900.1
 734. c4h7+ch3o2h=>c4h8-1+ch3o2                      3.16E+11    0.0    13000.0
 735. c4h8ooh1-3o2=>c4h8ooh1-3+o2                    8.09E+21   -1.9    37830.1
 736. c4h8ooh1-3+o2=>c4h8ooh1-3o2                    7.54E+12    0.0        0.0
 737. c4h8ooh1-3o2=>nc4ket13+oh                      2.50E+10    0.0    21400.1
 738. nc4ket13+oh=>c4h8ooh1-3o2                      6.51E+04    1.1    44390.1
 739. c4h8ooh1-2=>c4h8-1+ho2                         2.21E+18   -1.9    16390.1
 740. c4h8-1+ho2=>c4h8ooh1-2                         1.50E+11    0.0     7799.9
 741. c4h8ooh1-3=>c4h8o1-3+oh                        5.00E+10    0.0    15250.0
 742. c4h8o1-3+oh=>c4h8ooh1-3                        0.00E+00    0.0        0.0
      Warning...zero pre-exponential factor for forward rate constant of irreversible reaction...
 743. c4h8ooh1-3=>c3h6+ch2o+oh                       6.64E+13   -0.2    29900.1
 744. c3h6+ch2o+oh=>c4h8ooh1-3                       0.00E+00    0.0        0.0
      Warning...zero pre-exponential factor for forward rate constant of irreversible reaction...
 745. c4h8o1-3+oh=>c3h5-a+ch2o+h2o                   5.00E+12    0.0        0.0
 746. c3h5-a+ch2o+h2o=>c4h8o1-3+oh                   0.00E+00    0.0        0.0
      Warning...zero pre-exponential factor for forward rate constant of irreversible reaction...
 747. c4h8o1-3+h=>c3h5-a+ch2o+h2                     5.00E+12    0.0        0.0
 748. c3h5-a+ch2o+h2=>c4h8o1-3+h                     0.00E+00    0.0        0.0
      Warning...zero pre-exponential factor for forward rate constant of irreversible reaction...
 749. c4h8o1-3+o=>c3h5-a+ch2o+oh                     5.00E+12    0.0        0.0
 750. c3h5-a+ch2o+oh=>c4h8o1-3+o                     0.00E+00    0.0        0.0
      Warning...zero pre-exponential factor for forward rate constant of irreversible reaction...
 751. c4h8o1-3+ho2=>c3h5-a+ch2o+h2o2                 1.00E+13    0.0    15000.0
 752. c3h5-a+ch2o+h2o2=>c4h8o1-3+ho2                 0.00E+00    0.0        0.0
      Warning...zero pre-exponential factor for forward rate constant of irreversible reaction...
 753. c4h8o1-3+ch3o2=>c3h5-a+ch2o+ch3o2h             1.00E+13    0.0    19000.0
 754. c3h5-a+ch2o+ch3o2h=>c4h8o1-3+ch3o2             0.00E+00    0.0        0.0
      Warning...zero pre-exponential factor for forward rate constant of irreversible reaction...
 755. c4h8o1-3+ch3=>c3h5-a+ch2o+ch4                  2.00E+11    0.0    10000.0
 756. c3h5-a+ch2o+ch4=>c4h8o1-3+ch3                  0.00E+00    0.0        0.0
      Warning...zero pre-exponential factor for forward rate constant of irreversible reaction...
 757. pc4h9o2=>c4h8ooh1-2                            2.00E+11    0.0    26849.9
 758. c4h8ooh1-2=>pc4h9o2                            5.18E+10   -0.2    14300.0
 759. pc4h9o2=>c4h8ooh1-3                            2.50E+10    0.0    20849.9
 760. c4h8ooh1-3=>pc4h9o2                            1.74E+09   -0.1     8186.9
 761. c2h5cho+ch3o2=>c2h5co+ch3o2h                   3.01E+12    0.0    11930.0
 762. c2h5co+ch3o2h=>c2h5cho+ch3o2                   2.36E+13   -0.5     8983.0
 763. c2h5cho+c4h7=>c2h5co+c4h8-1                    1.70E+12    0.0     8440.0
 764. c2h5co+c4h8-1=>c2h5cho+c4h7                    1.00E+13    0.0    28000.0
 765. c2h5o2=>c2h4+ho2                               3.37E+55  -13.4    44669.9
 766. c2h4+ho2=>c2h5o2                               1.29E+50  -12.3    21300.0
 767. c2h4o2h=>c2h5+o2                               2.15E+37   -8.2    28020.1
 768. c2h5+o2=>c2h4o2h                               2.42E+35   -8.0     8311.9
 769. c3h4-a+ho2=>c2h4+co+oh                         1.00E+12    0.0    14000.0
 770. c2h4+co+oh=>c3h4-a+ho2                         1.00E+00    0.0        0.0
 771. c3h4-a+ho2=>c3h3+h2o2                          3.00E+13    0.0    14000.0
 772. c3h3+h2o2=>c3h4-a+ho2                          1.55E+16   -1.4    44000.0
 773. ch3cho+oh=>ch3+hocho                           3.00E+15   -1.1        0.0
 774. ch3+hocho=>ch3cho+oh                           5.35E+19   -1.7   119799.9
 775. c3h5-t+o2=>c3h4-a+ho2                          1.89E+30   -5.6    15539.9
 776. c3h4-a+ho2=>c3h5-t+o2                          1.57E+31   -5.8    26609.9
 777. c3h6+o2=>c3h5-a+ho2                            4.00E+12    0.0    39900.1
 778. c3h5-a+ho2=>c3h6+o2                            3.33E+10    0.3     -555.9
 779. c3h6+ch3=>c3h5-a+ch4                           2.21E+00    3.5     5674.9
 780. c3h5-a+ch4=>c3h6+ch3                           2.65E+01    3.5    23180.0
 781. c3h6+ch3=>c3h5-s+ch4                           1.35E+00    3.5    12849.9
 782. c3h5-s+ch4=>c3h6+ch3                           1.05E-01    4.0     6924.9
 783. c3h6+ch3=>c3h5-t+ch4                           8.40E-01    3.5    11659.9
 784. c3h5-t+ch4=>c3h6+ch3                           1.50E-02    4.2     7842.0
 785. c2h5+c3h6=>c2h6+c3h5-a                         1.00E+11    0.0     9800.0
 786. c2h6+c3h5-a=>c2h5+c3h6                         5.37E+05    1.3    16440.0
 787. c3h5-t=>c2h2+ch3                               2.16E+10   -8.3    45109.9
 788. c2h2+ch3=>c3h5-t                               1.61E+10   -8.6    20330.1
 789. c3h5-a+ho2=>c2h3+ch2o+oh                       1.00E-18    0.0        0.0
 790. c2h3+ch2o+oh=>c3h5-a+ho2                       1.00E-30    0.0        0.0
 791. c3h5-a+h=>c3h4-a+h2                            1.81E+13    0.0        0.0
 792. c3h4-a+h2=>c3h5-a+h                            1.23E+13    0.1    47229.9
 793. c3h5-a+ch3=>c3h4-a+ch4                         1.00E+11    0.0        0.0
 794. c3h4-a+ch4=>c3h5-a+ch3                         4.92E+12    0.1    47780.1
 795. c2h5+c3h5-a=>c2h6+c3h4-a                       4.00E+11    0.0        0.0
 796. c2h6+c3h4-a=>c2h5+c3h5-a                       1.80E+12    0.1    40330.1
 797. c2h5+c3h5-a=>c2h4+c3h6                         4.00E+11    0.0        0.0
 798. c2h4+c3h6=>c2h5+c3h5-a                         6.94E+16   -1.3    52799.9
 799. c2h3+c3h5-a=>c2h4+c3h4-a                       1.00E+12    0.0        0.0
 800. c2h4+c3h4-a=>c2h3+c3h5-a                       1.62E+13    0.1    48190.0
 801. c3h4-a+c3h6=>2c3h5-a                           8.39E+17   -1.3    33690.0
 802. 2c3h5-a=>c3h4-a+c3h6                           1.00E+12    0.0        0.0
 803. c3h5-a+o2=>c2h3cho+oh                          2.47E+13   -0.4    23020.1
 804. c2h3cho+oh=>c3h5-a+o2                          1.90E+14   -0.8    74880.0
 805. c3h5-s+o2=>ch3cho+hco                          4.34E+12    0.0        0.0
 806. ch3cho+hco=>c3h5-s+o2                          1.61E+17   -1.3    96530.1
 807. c3h5-s+h=>c3h4-a+h2                            3.33E+12    0.0        0.0
 808. c3h4-a+h2=>c3h5-s+h                            7.98E+12    0.1    68859.9
 809. c3h5-s+ch3=>c3h4-a+ch4                         1.00E+11    0.0        0.0
 810. c3h4-a+ch4=>c3h5-s+ch3                         6.25E+12    0.1    69340.1
 811. c3h5-t+o2=>ch3coch2+o                          3.81E+17   -1.4     5580.1
 812. ch3coch2+o=>c3h5-t+o2                          2.00E+11    0.0    17500.0
 813. c3h5-t+h=>c3h4-p+h2                            3.33E+12    0.0        0.0
 814. c3h4-p+h2=>c3h5-t+h                            2.14E+16   -0.9    71049.9
 815. c3h5-t+ch3=>c3h4-p+ch4                         1.00E+11    0.0        0.0
 816. c3h4-p+ch4=>c3h5-t+ch3                         1.68E+16   -0.9    71530.1
 817. c3h4-a+M=>c3h3+h+M                             1.14E+17    0.0    70000.0
 818. c3h3+h+M=>c3h4-a+M                             1.80E+15   -0.4    10609.9
 819. c3h4-a=>c3h4-p                                 1.20E+15    0.0    92400.1
 820. c3h4-p=>c3h4-a                                 3.22E+18   -1.0    96590.1
 821. c3h4-a+o2=>c3h3+ho2                            4.00E+13    0.0    39159.9
 822. c3h3+ho2=>c3h4-a+o2                            1.18E+11    0.3       38.0
 823. c3h4-a+ho2=>ch2+ch2co+oh                       4.00E+12    0.0    19000.0
 824. ch2+ch2co+oh=>c3h4-a+ho2                       1.00E+00    0.0        0.0
 825. c3h3+h=>c3h2+h2                                5.00E+13    0.0        0.0
 826. c3h2+h2=>c3h3+h                                3.85E+10    0.4     4599.9
 827. c3h4-a+oh=>c3h3+h2o                            1.00E+07    2.0     1000.0
 828. c3h3+h2o=>c3h4-a+oh                            7.00E+06    2.0    34520.1
 829. c3h4-a+o=>c2h4+co                              7.80E+12    0.0     1599.9
 830. c2h4+co=>c3h4-a+o                              8.28E+13   -0.2   124799.9
 831. c3h2+oh=>c2h2+hco                              5.00E+13    0.0        0.0
 832. c2h2+hco=>c3h2+oh                              2.91E+20   -1.4    78520.1
 833. c3h5-a=>c3h4-a+h                               6.66E+15   -0.4    63219.9
 834. c3h4-a+h=>c3h5-a                               2.40E+11    0.7     3006.9
 835. c3h5-t=>c3h4-a+h                               3.51E+14   -0.4    40890.1
 836. c3h4-a+h=>c3h5-t                               8.50E+12    0.0     2000.0
 837. c3h4-a+h=>c3h3+h2                              2.00E+07    2.0     5000.0
 838. c3h3+h2=>c3h4-a+h                              3.24E+06    2.0    23359.9
 839. c3h4-a+ch3=>c3h3+ch4                           3.67E-02    4.0     6830.1
 840. c3h3+ch4=>c3h4-a+ch3                           1.55E-01    4.0    25669.9
 841. c3h4-a+c3h5-a=>c3h3+c3h6                       2.00E+11    0.0     7700.1
 842. c3h3+c3h6=>c3h4-a+c3h5-a                       2.64E+19   -2.7    42140.1
 843. c2h+c3h4-a=>c2h2+c3h3                          1.00E+13    0.0        0.0
 844. c2h2+c3h3=>c2h+c3h4-a                          1.42E+16   -1.4    53820.0
 845. c3h4-p+M=>c3h3+h+M                             1.14E+17    0.0    70000.0
 846. c3h3+h+M=>c3h4-p+M                             6.71E+11    0.6     6419.9
 847. c3h4-p=>c2h+ch3                                4.20E+16    0.0   100000.0
 848. c2h+ch3=>c3h4-p                                1.02E+12    0.6    -1599.9
 849. c3h4-p+o2=>c3h3+ho2                            2.00E+13    0.0    41599.9
 850. c3h3+ho2=>c3h4-p+o2                            2.35E+11    0.1       77.9
 851. c3h4-p+ho2=>c2h4+co+oh                         3.00E+12    0.0    19000.0
 852. c2h4+co+oh=>c3h4-p+ho2                         1.00E+00    0.0        0.0
 853. c3h4-p+oh=>c3h3+h2o                            1.00E+07    2.0     1000.0
 854. c3h3+h2o=>c3h4-p+oh                            2.81E+07    1.8    32120.0
 855. c3h4-p+o=>c3h3+oh                              7.65E+08    1.5     8599.9
 856. c3h3+oh=>c3h4-p+o                              2.18E+08    1.3    22469.9
 857. c3h4-p+o=>c2h3+hco                             3.20E+12    0.0     2010.0
 858. c2h3+hco=>c3h4-p+o                             2.55E+12   -0.4    32349.9
 859. c3h4-p+o=>ch3+hcco                             9.60E+08    1.0        0.0
 860. ch3+hcco=>c3h4-p+o                             1.64E+10   -0.2    24090.1
 861. c3h5-t=>c3h4-p+h                               1.08E+15   -0.6    38490.0
 862. c3h4-p+h=>c3h5-t                               6.50E+12    0.0     2000.0
 863. c3h5-s=>c3h4-p+h                               4.19E+15   -0.8    37479.9
 864. c3h4-p+h=>c3h5-s                               5.80E+12    0.0     3099.9
 865. c3h4-p+h=>c3h3+h2                              2.00E+07    2.0     5000.0
 866. c3h3+h2=>c3h4-p+h                              1.30E+07    1.8    20960.1
 867. c3h4-p+ch3=>c3h3+ch4                           1.50E+00    3.5     5599.9
 868. c3h3+ch4=>c3h4-p+ch3                           2.54E+01    3.3    22039.9
 869. c2h+c3h4-p=>c2h2+c3h3                          1.00E+12    0.0        0.0
 870. c2h2+c3h3=>c2h+c3h4-p                          5.30E+11   -0.4    49630.0
 871. c2h3+c3h4-p=>c2h4+c3h3                         1.00E+12    0.0     7700.1
 872. c2h4+c3h3=>c2h3+c3h4-p                         9.54E+11   -0.4    52450.1
 873. c3h4-p+c3h5-a=>c3h3+c3h6                       1.00E+12    0.0     7700.1
 874. c3h3+c3h6=>c3h4-p+c3h5-a                       4.93E+16   -1.7    37950.1
 875. c3h3+o=>c2h+ch2o                               1.00E+13    0.0        0.0
 876. c2h+ch2o=>c3h3+o                               5.45E+14    0.0    31609.9
 877. c3h3+oh=>c3h2+h2o                              1.00E+13    0.0        0.0
 878. c3h2+h2o=>c3h3+oh                              1.34E+15    0.0    15680.0
 879. c3h3+o2=>ch2co+hco                             3.01E+10    0.0     2870.0
 880. ch2co+hco=>c3h3+o2                             4.88E+11    0.0    59469.9
 881. c3h3+ch3=>c2h+c2h5                             4.56E+17   -1.1    48729.9
 882. c2h+c2h5=>c3h3+ch3                             1.81E+13    0.0        0.0
 883. pc4h9o2=>o2+pc4h9                              7.60E+18   -1.2    35840.1
 884. o2+pc4h9=>pc4h9o2                              4.52E+12    0.0        0.0
 885. c2h3o1,2=>ch3co                                8.50E+14    0.0    14000.0
 886. ch3co=>c2h3o1,2                                1.14E+10    2.1    33520.1
 887. c2h3o1,2=>ch2cho                               1.00E+14    0.0    14000.0
 888. ch2cho=>c2h3o1,2                               1.23E+11    1.7    28300.0
 889. ch2cho=>ch2co+h                                3.09E+15   -0.3    50820.0
 890. ch2co+h=>ch2cho                                5.00E+13    0.0    12300.0
 891. ch2cho+o2=>ch2o+co+oh                          2.00E+13    0.0     4200.1
 892. ch2o+co+oh=>ch2cho+o2                          0.00E+00    0.0        0.0
      Warning...zero pre-exponential factor for forward rate constant of irreversible reaction...
 893. nc4ket13=>ch2cho+ch3cho+oh                     1.05E+16    0.0    41599.9
 894. ch2cho+ch3cho+oh=>nc4ket13                     0.00E+00    0.0        0.0
      Warning...zero pre-exponential factor for forward rate constant of irreversible reaction...
 895. c3h5-a+o2=>c3h4-a+ho2                          2.18E+21   -2.9    30760.0
 896. c3h4-a+ho2=>c3h5-a+o2                          2.69E+19   -2.4    20500.0
 897. c3h5-a+o2=>ch2cho+ch2o                         7.14E+15   -1.2    21050.0
 898. ch2cho+ch2o=>c3h5-a+o2                         4.94E+16   -1.4    88620.0
 899. c3h5-a+o2=>c2h2+ch2o+oh                        9.72E+29   -5.7    21450.0
 900. c2h2+ch2o+oh=>c3h5-a+o2                        0.00E+00    0.0        0.0
      Warning...zero pre-exponential factor for forward rate constant of irreversible reaction...
 901. hcco+o2=>co2+hco                               2.40E+11    0.0     -854.0
 902. co2+hco=>hcco+o2                               1.47E+14    0.0   133599.9
 903. c3h6+h=>c3h5-s+h2                              8.04E+05    2.5    12280.1
 904. c3h5-s+h2=>c3h6+h                              2.39E+03    3.0     5876.0
 905. ch2co+oh=>ch2oh+co                             3.73E+12    0.0    -1012.9
 906. ch2oh+co=>ch2co+oh                             9.43E+06    1.7    27490.0
 907. ch3+o2=>ch2o+oh                                7.47E+11    0.0    14250.0
 908. ch2o+oh=>ch3+o2                                7.78E+11    0.0    67770.1
 909. c2h4+h2=>2ch3                                  3.77E+12    0.8    84710.1
 910. 2ch3=>c2h4+h2                                  1.00E+14    0.0    32000.0
 911. c3h5-t+o2=>ch2o+ch3co                          3.71E+25   -4.0     7043.0
 912. ch2o+ch3co=>c3h5-t+o2                          1.87E+27   -4.4   101200.1
 913. ic3h7+oh=>c3h6+h2o                             2.41E+13    0.0        0.0
 914. c3h6+h2o=>ic3h7+oh                             2.99E+12    0.6    83820.0
 915. ic3h7+o=>ch3coch3+h                            4.82E+13    0.0        0.0
 916. ch3coch3+h=>ic3h7+o                            1.29E+16   -0.2    79380.0
 917. ic3h7+o=>ch3+ch3cho                            4.82E+13    0.0        0.0
 918. ch3+ch3cho=>ic3h7+o                            1.28E+11    0.8    86479.9
 919. c3h6+h=>c3h5-t+h2                              4.05E+05    2.5     9794.0
 920. c3h5-t+h2=>c3h6+h                              2.76E+02    3.2     5500.0
 921. c3h6=>c3h5-t+h                                 5.62E+71  -16.6   139300.0
 922. c3h5-t+h=>c3h6                                 2.03E+64  -14.9    27550.0
 923. nc3h7cho+o2=>ho2+nc3h7co                       2.00E+13    0.5    42200.1
 924. ho2+nc3h7co=>nc3h7cho+o2                       1.00E+07    0.5     4000.0
 925. nc3h7cho+oh=>h2o+nc3h7co                       1.00E+13    0.0        0.0
 926. h2o+nc3h7co=>nc3h7cho+oh                       2.00E+13    0.0    37000.0
 927. h+nc3h7cho=>h2+nc3h7co                         4.00E+13    0.0     4200.1
 928. h2+nc3h7co=>h+nc3h7cho                         1.80E+13    0.0    24000.0
 929. nc3h7cho+o=>nc3h7co+oh                         5.00E+12    0.0     1789.9
 930. nc3h7co+oh=>nc3h7cho+o                         1.00E+12    0.0    19000.0
 931. ho2+nc3h7cho=>h2o2+nc3h7co                     2.80E+12    0.0    13599.9
 932. h2o2+nc3h7co=>ho2+nc3h7cho                     1.00E+12    0.0    10000.0
 933. ch3+nc3h7cho=>ch4+nc3h7co                      1.70E+12    0.0     8440.0
 934. ch4+nc3h7co=>ch3+nc3h7cho                      1.50E+13    0.0    28000.0
 935. ch3o+nc3h7cho=>ch3oh+nc3h7co                   1.15E+11    0.0     1280.1
 936. ch3oh+nc3h7co=>ch3o+nc3h7cho                   3.00E+11    0.0    18000.0
 937. ch3o2+nc3h7cho=>ch3o2h+nc3h7co                 1.00E+12    0.0     9500.0
 938. ch3o2h+nc3h7co=>ch3o2+nc3h7cho                 2.50E+10    0.0    10000.0
 939. nc3h7cho+oh=>c3h6cho-2+h2o                     4.67E+07    1.6      -34.9
 940. c3h6cho-2+h2o=>nc3h7cho+oh                     8.06E+05    1.9    21940.0
 941. ho2+nc3h7cho=>c3h6cho-2+h2o2                   1.48E+04    2.6    13909.9
 942. c3h6cho-2+h2o2=>ho2+nc3h7cho                   1.51E+03    2.6     4424.0
 943. ch3o2+nc3h7cho=>c3h6cho-2+ch3o2h               9.63E+03    2.6    13909.9
 944. c3h6cho-2+ch3o2h=>ch3o2+nc3h7cho               4.05E+03    2.4     3704.1
 945. nc3h7co=>co+nc3h7                              1.00E+11    0.0     9599.9
 946. co+nc3h7=>nc3h7co                              1.00E+11    0.0        0.0
 947. ch3chco+oh=>c2h5+co2                           1.73E+12    0.0    -1010.0
 948. c2h5+co2=>ch3chco+oh                           0.00E+00    0.0        0.0
      Warning...zero pre-exponential factor for forward rate constant of irreversible reaction...
 949. ch3chco+h=>c2h5+co                             4.40E+12    0.0     1458.9
 950. c2h5+co=>ch3chco+h                             0.00E+00    0.0        0.0
      Warning...zero pre-exponential factor for forward rate constant of irreversible reaction...
 951. ch3chco+o=>ch3cho+co                           3.20E+12    0.0     -436.9
 952. ch3cho+co=>ch3chco+o                           0.00E+00    0.0        0.0
      Warning...zero pre-exponential factor for forward rate constant of irreversible reaction...
 953. ch2ch2coch3=>c2h4+ch3co                        5.97E+12    0.0    20729.9
 954. c2h4+ch3co=>ch2ch2coch3                        2.11E+11    0.0     7349.9
 955. c2h5coch2=>c2h5+ch2co                          1.57E+13    0.0    30000.0
 956. c2h5+ch2co=>c2h5coch2                          2.11E+11    0.0     7349.9
 957. c3h6cho-2=>c3h6+hco                            8.25E+12   -0.2    21900.1
 958. c3h6+hco=>c3h6cho-2                            1.00E+11    0.0     6000.0
 959. c2h5coc2h4p=>c2h4+c2h5co                       1.55E+17   -1.5    27840.1
 960. c2h4+c2h5co=>c2h5coc2h4p                       7.00E+10    0.0     9599.9
 961. nc3h7coch2=>ch2co+nc3h7                        1.23E+18   -1.4    43450.1
 962. ch2co+nc3h7=>nc3h7coch2                        1.00E+11    0.0    11599.9
 963. nc4h9cho+o2=>ho2+nc4h9co                       2.00E+13    0.5    42200.1
 964. ho2+nc4h9co=>nc4h9cho+o2                       1.00E+07    0.0    40000.0
 965. nc4h9cho+oh=>h2o+nc4h9co                       1.00E+13    0.0        0.0
 966. h2o+nc4h9co=>nc4h9cho+oh                       2.00E+13    0.0    37000.0
 967. h+nc4h9cho=>h2+nc4h9co                         4.00E+13    0.0     4200.1
 968. h2+nc4h9co=>h+nc4h9cho                         1.80E+13    0.0    24000.0
 969. nc4h9cho+o=>nc4h9co+oh                         5.00E+12    0.0     1789.9
 970. nc4h9co+oh=>nc4h9cho+o                         1.00E+12    0.0    19000.0
 971. ho2+nc4h9cho=>h2o2+nc4h9co                     2.80E+12    0.0    13599.9
 972. h2o2+nc4h9co=>ho2+nc4h9cho                     1.00E+12    0.0    10000.0
 973. ch3+nc4h9cho=>ch4+nc4h9co                      1.70E+12    0.0     8440.0
 974. ch4+nc4h9co=>ch3+nc4h9cho                      1.50E+13    0.0    28000.0
 975. ch3o+nc4h9cho=>ch3oh+nc4h9co                   1.15E+11    0.0     1280.1
 976. ch3oh+nc4h9co=>ch3o+nc4h9cho                   3.00E+11    0.0    18000.0
 977. ch3o2+nc4h9cho=>ch3o2h+nc4h9co                 1.00E+12    0.0     9500.0
 978. ch3o2h+nc4h9co=>ch3o2+nc4h9cho                 2.50E+10    0.0    10000.0
 979. nc4h9co=>co+pc4h9                              1.00E+11    0.0     9599.9
 980. co+pc4h9=>nc4h9co                              1.00E+11    0.0        0.0
 981. hoch2o=>ch2o+oh                                8.54E+13   -0.1    17530.1
 982. ch2o+oh=>hoch2o                                2.60E+12    0.0     -614.0
 983. hoch2o=>h+hocho                                1.00E+14    0.0    14900.1
 984. h+hocho=>hoch2o                                5.92E+11    0.6    12300.0
 985. hocho+M=>co+h2o+M                              2.30E+13    0.0    50000.0
      oh              Enhanced by    0.000E+00
 986. co+h2o+M=>hocho+M                              1.42E+10    0.5    46840.1
 987. hocho+M=>co2+h2+M                              1.50E+16    0.0    57000.0
      h               Enhanced by    0.000E+00
 988. co2+h2+M=>hocho+M                              2.40E+14    0.5    61020.1
 989. hocho=>hco+oh                                  4.59E+18   -0.5   108299.9
 990. hco+oh=>hocho                                  1.00E+14    0.0        0.0
 991. hocho+oh=>co2+h+h2o                            2.62E+06    2.1      916.1
 992. co2+h+h2o=>hocho+oh                            0.00E+00    0.0        0.0
      Warning...zero pre-exponential factor for forward rate constant of irreversible reaction...
 993. hocho+oh=>co+h2o+oh                            1.85E+07    1.5     -962.0
 994. co+h2o+oh=>hocho+oh                            0.00E+00    0.0        0.0
      Warning...zero pre-exponential factor for forward rate constant of irreversible reaction...
 995. hocho+h=>co2+h2+h                              4.24E+06    2.1     4868.1
 996. co2+h2+h=>hocho+h                              0.00E+00    0.0        0.0
      Warning...zero pre-exponential factor for forward rate constant of irreversible reaction...
 997. h+hocho=>co+h2+oh                              6.03E+13   -0.3     2988.1
 998. co+h2+oh=>h+hocho                              0.00E+00    0.0        0.0
      Warning...zero pre-exponential factor for forward rate constant of irreversible reaction...
 999. ch3+hocho=>ch4+co+oh                           3.90E-07    5.8     2200.1
1000. ch4+co+oh=>ch3+hocho                           0.00E+00    0.0        0.0
      Warning...zero pre-exponential factor for forward rate constant of irreversible reaction...
1001. ho2+hocho=>co+h2o2+oh                          1.00E+12    0.0    11919.9
1002. co+h2o2+oh=>ho2+hocho                          0.00E+00    0.0        0.0
      Warning...zero pre-exponential factor for forward rate constant of irreversible reaction...
1003. hocho+o=>co+2oh                                1.77E+18   -1.9     2974.9
1004. co+2oh=>hocho+o                                0.00E+00    0.0        0.0
      Warning...zero pre-exponential factor for forward rate constant of irreversible reaction...
1005. ch2(s)+M=>ch2+M                                1.00E+13    0.0        0.0
1006. ch2+M=>ch2(s)+M                                7.16E+15   -0.9    11430.0
1007. ch2(s)+ch4=>2ch3                               4.00E+13    0.0        0.0
1008. 2ch3=>ch2(s)+ch4                               5.43E+15   -0.9    15650.1
1009. c2h6+ch2(s)=>c2h5+ch3                          1.20E+14    0.0        0.0
1010. c2h5+ch3=>c2h6+ch2(s)                          1.04E+14   -0.3    19820.0
1011. ch2(s)+o2=>co+h+oh                             7.00E+13    0.0        0.0
1012. co+h+oh=>ch2(s)+o2                             0.00E+00    0.0        0.0
      Warning...zero pre-exponential factor for forward rate constant of irreversible reaction...
1013. ch2(s)+h2=>ch3+h                               7.00E+13    0.0        0.0
1014. ch3+h=>ch2(s)+h2                               2.48E+17   -0.9    16130.0
1015. ch2(s)+h=>ch+h2                                3.00E+13    0.0        0.0
1016. ch+h2=>ch2(s)+h                                1.51E+16   -0.9    14419.9
1017. ch2(s)+o=>co+2h                                3.00E+13    0.0        0.0
1018. co+2h=>ch2(s)+o                                0.00E+00    0.0        0.0
      Warning...zero pre-exponential factor for forward rate constant of irreversible reaction...
1019. ch2(s)+oh=>ch2o+h                              3.00E+13    0.0        0.0
1020. ch2o+h=>ch2(s)+oh                              3.19E+18   -0.9    87859.9
1021. ch2(s)+co2=>ch2o+co                            3.00E+12    0.0        0.0
1022. ch2o+co=>ch2(s)+co2                            2.85E+15   -0.9    65520.1
1023. ch2(s)+ch3=>c2h4+h                             2.00E+13    0.0        0.0
1024. c2h4+h=>ch2(s)+ch3                             2.67E+15   -0.1    68840.1
1025. ch2(s)+ch2co=>c2h4+co                          1.60E+14    0.0        0.0
1026. c2h4+co=>ch2(s)+ch2co                          4.60E+15   -0.1   105599.9
1027. c6h13-1+o2=>c6h12-1+ho2                        3.00E-19    0.0     3000.0
1028. c6h12-1+ho2=>c6h13-1+o2                        2.00E-19    0.0    17500.0
1029. c6h13-1=>c2h4+pc4h9                            5.45E+17   -1.3    29580.1
1030. c2h4+pc4h9=>c6h13-1                            3.30E+11    0.0     7200.1
1031. c6h13-1=>c6h12-1+h                             2.09E+16   -0.9    37950.1
1032. c6h12-1+h=>c6h13-1                             1.00E+13    0.0     2900.1
1033. c6h12-1+oh=>c6h11+h2o                          3.00E+13    0.0     1229.9
1034. c6h11+h2o=>c6h12-1+oh                          9.76E+14   -0.1    39260.0
1035. c6h12-1+h=>c6h11+h2                            3.70E+13    0.0     3900.1
1036. c6h11+h2=>c6h12-1+h                            2.78E+14   -0.1    26770.1
1037. c6h12-1+ch3=>c6h11+ch4                         1.00E+12    0.0     7299.9
1038. c6h11+ch4=>c6h12-1+ch3                         1.96E+14   -0.1    30650.1
1039. c6h12-1+o=>c6h11+oh                            2.12E+11    0.1     9125.0
1040. c6h11+oh=>c6h12-1+o                            7.00E+11    0.0    29900.1
1041. c6h12-1+oh=>c5h11-1+ch2o                       1.00E+11    0.0    -4000.0
1042. c5h11-1+ch2o=>c6h12-1+oh                       0.00E+00    0.0        0.0
      Warning...zero pre-exponential factor for forward rate constant of irreversible reaction...
1043. c6h12-1+o=>c5h11-1+hco                         1.00E+11    0.0    -1050.0
1044. c5h11-1+hco=>c6h12-1+o                         0.00E+00    0.0        0.0
      Warning...zero pre-exponential factor for forward rate constant of irreversible reaction...
1045. c6h11=>c3h5-a+c3h6                             2.50E+13    0.0    45000.0
1046. c3h5-a+c3h6=>c6h11                             1.00E+10    0.0    17000.0
1047. c6h11=>c2h3+c4h8-1                             2.50E-17    0.0    45000.0
1048. c2h3+c4h8-1=>c6h11                             1.50E-20    0.0     7400.1
1049. c6h11=>c2h4+c4h7                               2.50E-17    0.0    45000.0
1050. c2h4+c4h7=>c6h11                               1.50E-20    0.0     7400.1
1051. c6h12-1=>c3h5-a+nc3h7                          1.00E+16    0.0    71000.0
1052. c3h5-a+nc3h7=>c6h12-1                          1.00E+13    0.0        0.0
1053. nc7h16=>c7h15-1+h                              1.34E+88  -21.2   142800.0
1054. c7h15-1+h=>nc7h16                              3.37E+82  -20.2    39609.9
1055. nc7h16=>c7h15-2+h                              6.50E+87  -21.0   139500.0
1056. c7h15-2+h=>nc7h16                              5.21E+80  -19.7    38890.1
1057. nc7h16=>c7h15-3+h                              6.50E+87  -21.0   139500.0
1058. c7h15-3+h=>nc7h16                              5.21E+80  -19.7    38890.1
1059. nc7h16=>c7h15-4+h                              3.25E+87  -21.0   139500.0
1060. c7h15-4+h=>nc7h16                              5.19E+80  -19.7    38890.1
1061. nc7h16=>c6h13-1+ch3                            2.93E+73  -16.6   118900.1
1062. c6h13-1+ch3=>nc7h16                            8.35E+66  -15.8    31830.1
1063. nc7h16=>c2h5+c5h11-1                           8.10E+77  -17.6   120400.1
1064. c2h5+c5h11-1=>nc7h16                           8.30E+67  -16.1    32349.9
1065. nc7h16=>nc3h7+pc4h9                            1.42E+78  -17.7   120700.1
1066. nc3h7+pc4h9=>nc7h16                            1.36E+68  -16.1    32460.1
1067. h+nc7h16=>c7h15-1+h2                           1.88E+05    2.8     6280.1
1068. c7h15-1+h2=>h+nc7h16                           8.93E+03    2.7    10550.0
1069. h+nc7h16=>c7h15-2+h2                           2.60E+06    2.4     4471.1
1070. c7h15-2+h2=>h+nc7h16                           3.93E+03    2.7    11260.0
1071. h+nc7h16=>c7h15-3+h2                           2.60E+06    2.4     4471.1
1072. c7h15-3+h2=>h+nc7h16                           3.93E+03    2.7    11260.0
1073. h+nc7h16=>c7h15-4+h2                           1.30E+06    2.4     4471.1
1074. c7h15-4+h2=>h+nc7h16                           3.91E+03    2.7    11260.0
1075. nc7h16+o=>c7h15-1+oh                           1.93E+05    2.7     3716.1
1076. c7h15-1+oh=>nc7h16+o                           4.03E+03    2.6     5892.9
1077. nc7h16+o=>c7h15-2+oh                           9.54E+04    2.7     2106.1
1078. c7h15-2+oh=>nc7h16+o                           6.33E+01    3.0     6798.0
1079. nc7h16+o=>c7h15-3+oh                           9.54E+04    2.7     2106.1
1080. c7h15-3+oh=>nc7h16+o                           6.33E+01    3.0     6798.0
1081. nc7h16+o=>c7h15-4+oh                           4.77E+04    2.7     2106.1
1082. c7h15-4+oh=>nc7h16+o                           6.31E+01    3.0     6798.0
1083. nc7h16+oh=>c7h15-1+h2o                         1.05E+10    1.0     1590.1
1084. c7h15-1+h2o=>nc7h16+oh                         1.50E+10    1.1    23330.1
1085. nc7h16+oh=>c7h15-2+h2o                         9.40E+07    1.6      -34.9
1086. c7h15-2+h2o=>nc7h16+oh                         6.15E+05    1.9    21909.9
1087. nc7h16+oh=>c7h15-3+h2o                         9.40E+07    1.6      -34.9
1088. c7h15-3+h2o=>nc7h16+oh                         6.15E+05    1.9    21909.9
1089. nc7h16+oh=>c7h15-4+h2o                         4.70E+07    1.6      -34.9
1090. c7h15-4+h2o=>nc7h16+oh                         6.13E+05    1.9    21909.9
1091. ho2+nc7h16=>c7h15-1+h2o2                       1.68E+13    0.0    20440.0
1092. c7h15-1+h2o2=>ho2+nc7h16                       2.05E+13   -0.4     8398.9
1093. ho2+nc7h16=>c7h15-2+h2o2                       1.12E+13    0.0    17690.0
1094. c7h15-2+h2o2=>ho2+nc7h16                       4.35E+11    0.0     8164.9
1095. ho2+nc7h16=>c7h15-3+h2o2                       1.12E+13    0.0    17690.0
1096. c7h15-3+h2o2=>ho2+nc7h16                       4.35E+11    0.0     8164.9
1097. ho2+nc7h16=>c7h15-4+h2o2                       5.60E+12    0.0    17690.0
1098. c7h15-4+h2o2=>ho2+nc7h16                       4.33E+11    0.0     8164.9
1099. ch3+nc7h16=>c7h15-1+ch4                        9.04E-01    3.6     7153.9
1100. c7h15-1+ch4=>ch3+nc7h16                        1.12E+00    3.6    11909.9
1101. ch3+nc7h16=>c7h15-2+ch4                        5.41E+04    2.3     7287.1
1102. c7h15-2+ch4=>ch3+nc7h16                        2.14E+03    2.6    14550.0
1103. ch3+nc7h16=>c7h15-3+ch4                        5.41E+04    2.3     7287.1
1104. c7h15-3+ch4=>ch3+nc7h16                        2.14E+03    2.6    14550.0
1105. ch3+nc7h16=>c7h15-4+ch4                        2.71E+04    2.3     7287.1
1106. c7h15-4+ch4=>ch3+nc7h16                        2.13E+03    2.6    14550.0
1107. nc7h16+o2=>c7h15-1+ho2                         6.00E+13    0.0    52799.9
1108. c7h15-1+ho2=>nc7h16+o2                         5.18E+10    0.3     -406.1
1109. nc7h16+o2=>c7h15-2+ho2                         4.00E+13    0.0    50150.1
1110. c7h15-2+ho2=>nc7h16+o2                         1.10E+09    0.7     -541.1
1111. nc7h16+o2=>c7h15-3+ho2                         4.00E+13    0.0    50150.1
1112. c7h15-3+ho2=>nc7h16+o2                         1.10E+09    0.7     -541.1
1113. nc7h16+o2=>c7h15-4+ho2                         2.00E+13    0.0    50150.1
1114. c7h15-4+ho2=>nc7h16+o2                         1.09E+09    0.7     -541.1
1115. c2h5+nc7h16=>c2h6+c7h15-1                      1.00E+11    0.0    13400.1
1116. c2h6+c7h15-1=>c2h5+nc7h16                      3.20E+11    0.0    12300.0
1117. c2h5+nc7h16=>c2h6+c7h15-2                      1.00E+11    0.0    10400.1
1118. c2h6+c7h15-2=>c2h5+nc7h16                      1.00E+11    0.0    12900.1
1119. c2h5+nc7h16=>c2h6+c7h15-3                      1.00E+11    0.0    10400.1
1120. c2h6+c7h15-3=>c2h5+nc7h16                      1.00E+11    0.0    12900.1
1121. c2h5+nc7h16=>c2h6+c7h15-4                      5.00E+10    0.0    10400.1
1122. c2h6+c7h15-4=>c2h5+nc7h16                      1.00E+11    0.0    12900.1
1123. ch3o+nc7h16=>c7h15-1+ch3oh                     3.16E+11    0.0     7000.0
1124. c7h15-1+ch3oh=>ch3o+nc7h16                     1.20E+10    0.0     9200.0
1125. ch3o+nc7h16=>c7h15-2+ch3oh                     2.19E+11    0.0     5000.0
1126. c7h15-2+ch3oh=>ch3o+nc7h16                     8.90E+09    0.0     7200.1
1127. ch3o+nc7h16=>c7h15-3+ch3oh                     2.19E+11    0.0     5000.0
1128. c7h15-3+ch3oh=>ch3o+nc7h16                     8.90E+09    0.0     7200.1
1129. ch3o+nc7h16=>c7h15-4+ch3oh                     1.10E+11    0.0     5000.0
1130. c7h15-4+ch3oh=>ch3o+nc7h16                     8.90E+09    0.0     7200.1
1131. c2h3+nc7h16=>c2h4+c7h15-1                      1.00E+12    0.0    18000.0
1132. c2h4+c7h15-1=>c2h3+nc7h16                      2.57E+12    0.0    25400.1
1133. c2h3+nc7h16=>c2h4+c7h15-2                      8.00E+11    0.0    16800.0
1134. c2h4+c7h15-2=>c2h3+nc7h16                      2.00E+12    0.0    24200.0
1135. c2h3+nc7h16=>c2h4+c7h15-3                      8.00E+11    0.0    16800.0
1136. c2h4+c7h15-3=>c2h3+nc7h16                      2.00E+12    0.0    24200.0
1137. c2h3+nc7h16=>c2h4+c7h15-4                      4.00E+11    0.0    16800.0
1138. c2h4+c7h15-4=>c2h3+nc7h16                      2.00E+12    0.0    24200.0
1139. ch3o2+nc7h16=>c7h15-1+ch3o2h                   1.21E+13    0.0    20430.0
1140. c7h15-1+ch3o2h=>ch3o2+nc7h16                   3.60E+12    0.0     9800.0
1141. ch3o2+nc7h16=>c7h15-2+ch3o2h                   8.06E+12    0.0    17700.0
1142. c7h15-2+ch3o2h=>ch3o2+nc7h16                   2.38E+11    0.0     3700.1
1143. ch3o2+nc7h16=>c7h15-3+ch3o2h                   8.06E+12    0.0    17700.0
1144. c7h15-3+ch3o2h=>ch3o2+nc7h16                   2.38E+11    0.0     3700.1
1145. ch3o2+nc7h16=>c7h15-4+ch3o2h                   4.03E+12    0.0    17700.0
1146. c7h15-4+ch3o2h=>ch3o2+nc7h16                   2.38E+11    0.0     3700.1
1147. c7h15o2-1+nc7h16=>c7h15-1+c7h15o2h-1           1.21E+13    0.0    20430.0
1148. c7h15-1+c7h15o2h-1=>c7h15o2-1+nc7h16           1.44E+10    0.0    15000.0
1149. c7h15o2-2+nc7h16=>c7h15-1+c7h15o2h-2           1.21E+13    0.0    20430.0
1150. c7h15-1+c7h15o2h-2=>c7h15o2-2+nc7h16           1.44E+10    0.0    15000.0
1151. c7h15o2-3+nc7h16=>c7h15-1+c7h15o2h-3           1.21E+13    0.0    20430.0
1152. c7h15-1+c7h15o2h-3=>c7h15o2-3+nc7h16           1.44E+10    0.0    15000.0
1153. c7h15o2-1+nc7h16=>c7h15-2+c7h15o2h-1           8.06E+12    0.0    17700.0
1154. c7h15-2+c7h15o2h-1=>c7h15o2-1+nc7h16           1.44E+10    0.0    15000.0
1155. c7h15o2-2+nc7h16=>c7h15-2+c7h15o2h-2           8.06E+12    0.0    17700.0
1156. c7h15-2+c7h15o2h-2=>c7h15o2-2+nc7h16           1.44E+10    0.0    15000.0
1157. c7h15o2-3+nc7h16=>c7h15-2+c7h15o2h-3           8.06E+12    0.0    17700.0
1158. c7h15-2+c7h15o2h-3=>c7h15o2-3+nc7h16           1.44E+10    0.0    15000.0
1159. c7h15o2-1+nc7h16=>c7h15-3+c7h15o2h-1           8.06E+12    0.0    17700.0
1160. c7h15-3+c7h15o2h-1=>c7h15o2-1+nc7h16           1.44E+10    0.0    15000.0
1161. c7h15o2-2+nc7h16=>c7h15-3+c7h15o2h-2           8.06E+12    0.0    17700.0
1162. c7h15-3+c7h15o2h-2=>c7h15o2-2+nc7h16           1.44E+10    0.0    15000.0
1163. c7h15o2-3+nc7h16=>c7h15-3+c7h15o2h-3           8.06E+12    0.0    17700.0
1164. c7h15-3+c7h15o2h-3=>c7h15o2-3+nc7h16           1.44E+10    0.0    15000.0
1165. c7h15o2-1+nc7h16=>c7h15-4+c7h15o2h-1           4.03E+12    0.0    17700.0
1166. c7h15-4+c7h15o2h-1=>c7h15o2-1+nc7h16           1.44E+10    0.0    15000.0
1167. c7h15o2-2+nc7h16=>c7h15-4+c7h15o2h-2           4.03E+12    0.0    17700.0
1168. c7h15-4+c7h15o2h-2=>c7h15o2-2+nc7h16           1.44E+10    0.0    15000.0
1169. c7h15o2-3+nc7h16=>c7h15-4+c7h15o2h-3           4.03E+12    0.0    17700.0
1170. c7h15-4+c7h15o2h-3=>c7h15o2-3+nc7h16           1.44E+10    0.0    15000.0
1171. c7h15-1+nc7h16=>c7h15-2+nc7h16                 1.00E+11    0.0    10400.1
1172. c7h15-2+nc7h16=>c7h15-1+nc7h16                 1.50E+11    0.0    12300.0
1173. c7h15-1+nc7h16=>c7h15-3+nc7h16                 1.00E+11    0.0    10400.1
1174. c7h15-3+nc7h16=>c7h15-1+nc7h16                 1.50E+11    0.0    12300.0
1175. c7h15-1+nc7h16=>c7h15-4+nc7h16                 5.00E+10    0.0    10400.1
1176. c7h15-4+nc7h16=>c7h15-1+nc7h16                 1.50E+11    0.0    12300.0
1177. c7h15-2+nc7h16=>c7h15-3+nc7h16                 1.00E+11    0.0    10400.1
1178. c7h15-3+nc7h16=>c7h15-2+nc7h16                 1.00E+11    0.0    10400.1
1179. c7h15-2+nc7h16=>c7h15-4+nc7h16                 5.00E+10    0.0    10400.1
1180. c7h15-4+nc7h16=>c7h15-2+nc7h16                 1.00E+11    0.0    10400.1
1181. c7h15-3+nc7h16=>c7h15-4+nc7h16                 5.00E+10    0.0    10400.1
1182. c7h15-4+nc7h16=>c7h15-3+nc7h16                 1.00E+11    0.0    10400.1
1183. c7h15-1=>c2h4+c5h11-1                          8.16E+17   -1.4    30840.1
1184. c2h4+c5h11-1=>c7h15-1                          1.00E+11    0.0     8200.0
1185. c7h15-1=>c7h14-1+h                             4.20E+16   -0.9    37940.0
1186. c7h14-1+h=>c7h15-1                             1.00E+13    0.0     2900.1
1187. c7h15-2=>c3h6+pc4h9                            2.22E+16   -0.9    30130.0
1188. c3h6+pc4h9=>c7h15-2                            1.00E+11    0.0     8200.0
1189. c7h15-2=>c7h14-1+h                             1.34E+15   -0.6    38760.0
1190. c7h14-1+h=>c7h15-2                             1.00E+13    0.0     1200.0
1191. c7h15-2=>c7h14-2+h                             2.71E+15   -0.7    37590.1
1192. c7h14-2+h=>c7h15-2                             1.00E+13    0.0     2900.1
1193. c7h15-3=>c4h8-1+nc3h7                          3.29E+11    0.2    22909.9
1194. c4h8-1+nc3h7=>c7h15-3                          1.00E+11    0.0     7700.1
1195. c7h15-3=>c6h12-1+ch3                           1.03E+14   -0.4    28690.0
1196. c6h12-1+ch3=>c7h15-3                           1.75E+11    0.0     7200.1
1197. c7h15-3=>c7h14-2+h                             2.71E+15   -0.7    37590.1
1198. c7h14-2+h=>c7h15-3                             1.00E+13    0.0     2900.1
1199. c7h15-3=>c7h14-3+h                             2.02E+15   -0.7    37680.0
1200. c7h14-3+h=>c7h15-3                             1.00E+13    0.0     2900.1
1201. c7h15-4=>c2h5+c5h10-1                          5.43E+16   -0.9    30590.1
1202. c2h5+c5h10-1=>c7h15-4                          1.00E+11    0.0     8200.0
1203. c7h15-4=>c7h14-3+h                             4.02E+15   -0.7    37680.0
1204. c7h14-3+h=>c7h15-4                             1.00E+13    0.0     2900.1
1205. c7h15-1+o2=>c7h14-1+ho2                        3.00E-09    0.0     3000.0
1206. c7h14-1+ho2=>c7h15-1+o2                        2.45E-10    0.3    17919.9
1207. c7h15-2+o2=>c7h14-1+ho2                        4.50E-09    0.0     5020.1
1208. c7h14-1+ho2=>c7h15-2+o2                        1.15E-08   -0.1    17419.9
1209. c7h15-2+o2=>c7h14-2+ho2                        3.00E-09    0.0     3000.0
1210. c7h14-2+ho2=>c7h15-2+o2                        3.79E-09    0.1    18270.1
1211. c7h15-3+o2=>c7h14-2+ho2                        3.00E-09    0.0     3000.0
1212. c7h14-2+ho2=>c7h15-3+o2                        3.79E-09    0.1    18270.1
1213. c7h15-3+o2=>c7h14-3+ho2                        3.00E-09    0.0     3000.0
1214. c7h14-3+ho2=>c7h15-3+o2                        5.09E-09   -0.0    18180.0
1215. c7h15-4+o2=>c7h14-3+ho2                        6.00E-09    0.0     3000.0
1216. c7h14-3+ho2=>c7h15-4+o2                        5.11E-09   -0.0    18180.0
1217. c7h15-1=>c7h15-3                               1.39E+09    1.0    33760.0
1218. c7h15-3=>c7h15-1                               4.41E+07    1.4    36280.1
1219. c7h15-1=>c7h15-4                               2.54E+09    0.3    19760.0
1220. c7h15-4=>c7h15-1                               1.61E+08    0.7    22280.1
1221. c7h15-2=>c7h15-3                               9.59E+08    1.4    39700.1
1222. c7h15-3=>c7h15-2                               9.59E+08    1.4    39700.1
1223. c7h15-1=>c7h15-2                               5.48E+08    1.6    38760.0
1224. c7h15-2=>c7h15-1                               1.74E+07    2.0    41280.1
1225. c7h14-1+oh=>c7h13+h2o                          3.00E+13    0.0     1229.9
1226. c7h13+h2o=>c7h14-1+oh                          7.92E+14   -0.5    36479.9
1227. c7h14-2+oh=>c7h13+h2o                          3.00E+13    0.0     1229.9
1228. c7h13+h2o=>c7h14-2+oh                          1.60E+15   -0.6    33609.9
1229. c7h14-3+oh=>c7h13+h2o                          3.00E+13    0.0     1229.9
1230. c7h13+h2o=>c7h14-3+oh                          1.19E+15   -0.6    33700.1
1231. c7h14-1+h=>c7h13+h2                            3.70E+13    0.0     3900.1
1232. c7h13+h2=>c7h14-1+h                            2.26E+14   -0.5    23990.0
1233. c7h14-2+h=>c7h13+h2                            3.70E+13    0.0     3900.1
1234. c7h13+h2=>c7h14-2+h                            4.57E+14   -0.6    21120.0
1235. c7h14-3+h=>c7h13+h2                            3.70E+13    0.0     3900.1
1236. c7h13+h2=>c7h14-3+h                            3.40E+14   -0.6    21210.1
1237. c7h14-1+ch3=>c7h13+ch4                         1.00E+12    0.0     7299.9
1238. c7h13+ch4=>c7h14-1+ch3                         1.59E+14   -0.5    27870.0
1239. c7h14-2+ch3=>c7h13+ch4                         1.00E+12    0.0     7299.9
1240. c7h13+ch4=>c7h14-2+ch3                         3.23E+14   -0.6    25000.0
1241. c7h14-3+ch3=>c7h13+ch4                         1.00E+12    0.0     7299.9
1242. c7h13+ch4=>c7h14-3+ch3                         2.40E+14   -0.6    25090.1
1243. c7h14-1+o=>c7h13+oh                            2.62E+11    0.5    11909.9
1244. c7h13+oh=>c7h14-1+o                            7.00E+11    0.0    29900.1
1245. c7h14-2+o=>c7h13+oh                            1.29E+11    0.6    14780.1
1246. c7h13+oh=>c7h14-2+o                            7.00E+11    0.0    29900.1
1247. c7h14-3+o=>c7h13+oh                            1.73E+11    0.6    14690.0
1248. c7h13+oh=>c7h14-3+o                            7.00E+11    0.0    29900.1
1249. c7h14-1+oh=>c6h13-1+ch2o                       1.00E+11    0.0    -4000.0
1250. c6h13-1+ch2o=>c7h14-1+oh                       0.00E+00    0.0        0.0
      Warning...zero pre-exponential factor for forward rate constant of irreversible reaction...
1251. c7h14-1+oh=>c5h11-1+ch3cho                     1.00E+11    0.0    -4000.0
1252. c5h11-1+ch3cho=>c7h14-1+oh                     0.00E+00    0.0        0.0
      Warning...zero pre-exponential factor for forward rate constant of irreversible reaction...
1253. c7h14-2+oh=>c5h11-1+ch3cho                     1.00E+11    0.0    -4000.0
1254. c5h11-1+ch3cho=>c7h14-2+oh                     0.00E+00    0.0        0.0
      Warning...zero pre-exponential factor for forward rate constant of irreversible reaction...
1255. c7h14-2+oh=>c2h5cho+pc4h9                      1.00E+11    0.0    -4000.0
1256. c2h5cho+pc4h9=>c7h14-2+oh                      0.00E+00    0.0        0.0
      Warning...zero pre-exponential factor for forward rate constant of irreversible reaction...
1257. c7h14-3+oh=>c2h5cho+pc4h9                      1.00E+11    0.0    -4000.0
1258. c2h5cho+pc4h9=>c7h14-3+oh                      0.00E+00    0.0        0.0
      Warning...zero pre-exponential factor for forward rate constant of irreversible reaction...
1259. c7h14-1+o=>c5h11-1+ch2cho                      1.00E+11    0.0    -1050.0
1260. c5h11-1+ch2cho=>c7h14-1+o                      0.00E+00    0.0        0.0
      Warning...zero pre-exponential factor for forward rate constant of irreversible reaction...
1261. c7h14-2+o=>c5h10-1+ch3cho                      1.00E+11    0.0    -1050.0
1262. c5h10-1+ch3cho=>c7h14-2+o                      0.00E+00    0.0        0.0
      Warning...zero pre-exponential factor for forward rate constant of irreversible reaction...
1263. c7h14-3+o=>c5h10-1+ch3cho                      1.00E+11    0.0    -1050.0
1264. c5h10-1+ch3cho=>c7h14-3+o                      0.00E+00    0.0        0.0
      Warning...zero pre-exponential factor for forward rate constant of irreversible reaction...
1265. c7h13=>c3h5-a+c4h8-1                           2.50E+13    0.0    45000.0
1266. c3h5-a+c4h8-1=>c7h13                           1.00E+13    0.0     9599.9
1267. c7h13=>c3h6+c4h7                               2.50E+13    0.0    45000.0
1268. c3h6+c4h7=>c7h13                               1.00E+13    0.0     9599.9
1269. c7h14-1=>c3h5-a+pc4h9                          1.00E+16    0.0    71000.0
1270. c3h5-a+pc4h9=>c7h14-1                          1.00E+13    0.0        0.0
1271. c7h14-2=>c4h7+nc3h7                            1.00E+16    0.0    71000.0
1272. c4h7+nc3h7=>c7h14-2                            1.00E+13    0.0        0.0
1273. c7h14-3=>c4h7+nc3h7                            1.00E+16    0.0    71000.0
1274. c4h7+nc3h7=>c7h14-3                            1.00E+13    0.0        0.0
1275. c7h15o2-1=>c7h15-1+o2                          2.22E+19   -1.4    36090.1
1276. c7h15-1+o2=>c7h15o2-1                          4.52E+12    0.0        0.0
1277. c7h15o2-2=>c7h15-2+o2                          9.88E+21   -2.0    37859.9
1278. c7h15-2+o2=>c7h15o2-2                          7.54E+12    0.0        0.0
1279. c7h15o2-3=>c7h15-3+o2                          9.88E+21   -2.0    37859.9
1280. c7h15-3+o2=>c7h15o2-3                          7.54E+12    0.0        0.0
1281. c7h15o2-4=>c7h15-4+o2                          9.88E+21   -2.0    37859.9
1282. c7h15-4+o2=>c7h15o2-4                          7.54E+12    0.0        0.0
1283. c7h15-1+c7h15o2-1=>2c7h15o-1                   7.00E+12    0.0    -1000.0
1284. 2c7h15o-1=>c7h15-1+c7h15o2-1                   6.65E+14   -0.4    29570.0
1285. c7h15-1+c7h15o2-2=>c7h15o-1+c7h15o-2           7.00E+12    0.0    -1000.0
1286. c7h15o-1+c7h15o-2=>c7h15-1+c7h15o2-2           4.35E+14   -0.5    29700.0
1287. c7h15-1+c7h15o2-3=>c7h15o-1+c7h15o-3           7.00E+12    0.0    -1000.0
1288. c7h15o-1+c7h15o-3=>c7h15-1+c7h15o2-3           4.35E+14   -0.5    29700.0
1289. c7h15-2+c7h15o2-1=>c7h15o-1+c7h15o-2           7.00E+12    0.0    -1000.0
1290. c7h15o-1+c7h15o-2=>c7h15-2+c7h15o2-1           1.16E+17   -1.0    31469.9
1291. c7h15-2+c7h15o2-2=>2c7h15o-2                   7.00E+12    0.0    -1000.0
1292. 2c7h15o-2=>c7h15-2+c7h15o2-2                   7.57E+16   -1.1    31599.9
1293. c7h15-2+c7h15o2-3=>c7h15o-2+c7h15o-3           7.00E+12    0.0    -1000.0
1294. c7h15o-2+c7h15o-3=>c7h15-2+c7h15o2-3           7.57E+16   -1.1    31599.9
1295. c7h15-3+c7h15o2-1=>c7h15o-1+c7h15o-3           7.00E+12    0.0    -1000.0
1296. c7h15o-1+c7h15o-3=>c7h15-3+c7h15o2-1           1.16E+17   -1.0    31469.9
1297. c7h15-3+c7h15o2-2=>c7h15o-2+c7h15o-3           7.00E+12    0.0    -1000.0
1298. c7h15o-2+c7h15o-3=>c7h15-3+c7h15o2-2           7.57E+16   -1.1    31599.9
1299. c7h15-3+c7h15o2-3=>2c7h15o-3                   7.00E+12    0.0    -1000.0
1300. 2c7h15o-3=>c7h15-3+c7h15o2-3                   7.57E+16   -1.1    31599.9
1301. c7h15o2-1=>c7h14ooh1-2                         2.00E+11    0.0    26849.9
1302. c7h14ooh1-2=>c7h15o2-1                         1.78E+10   -0.1    14210.1
1303. c7h15o2-1=>c7h14ooh1-3                         2.50E+10    0.0    20849.9
1304. c7h14ooh1-3=>c7h15o2-1                         2.23E+09   -0.1     8210.1
1305. c7h15o2-1=>c7h14ooh1-4                         3.12E+09    0.0    19050.0
1306. c7h14ooh1-4=>c7h15o2-1                         2.79E+08   -0.1     6409.9
1307. c7h15o2-2=>c7h14ooh2-3                         2.00E+11    0.0    26849.9
1308. c7h14ooh2-3=>c7h15o2-2                         1.72E+10   -0.1    14210.1
1309. c7h15o2-2=>c7h14ooh2-4                         2.50E+10    0.0    20849.9
1310. c7h14ooh2-4=>c7h15o2-2                         2.14E+09   -0.1     8210.1
1311. c7h15o2-2=>c7h14ooh2-5                         3.12E+09    0.0    19050.0
1312. c7h14ooh2-5=>c7h15o2-2                         2.68E+08   -0.1     6409.9
1313. c7h15o2-3=>c7h14ooh3-1                         3.75E+10    0.0    24400.1
1314. c7h14ooh3-1=>c7h15o2-3                         8.88E+10   -0.5     9340.1
1315. c7h15o2-3=>c7h14ooh3-2                         2.00E+11    0.0    26849.9
1316. c7h14ooh3-2=>c7h15o2-3                         1.72E+10   -0.1    14210.1
1317. c7h15o2-3=>c7h14ooh3-4                         2.00E+11    0.0    26849.9
1318. c7h14ooh3-4=>c7h15o2-3                         1.72E+10   -0.1    14210.1
1319. c7h15o2-3=>c7h14ooh3-5                         2.50E+10    0.0    20849.9
1320. c7h14ooh3-5=>c7h15o2-3                         2.14E+09   -0.1     8210.1
1321. c7h15o2-3=>c7h14ooh3-6                         3.12E+09    0.0    19050.0
1322. c7h14ooh3-6=>c7h15o2-3                         2.68E+08   -0.1     6409.9
1323. c7h15o2-4=>c7h14ooh4-2                         5.00E+10    0.0    20849.9
1324. c7h14ooh4-2=>c7h15o2-4                         4.29E+09   -0.1     8210.1
1325. c7h15o2-4=>c7h14ooh4-3                         4.00E+11    0.0    26849.9
1326. c7h14ooh4-3=>c7h15o2-4                         3.43E+10   -0.1    14210.1
1327. c7h15o2-1+ho2=>c7h15o2h-1+o2                   1.75E+10    0.0    -3275.1
1328. c7h15o2h-1+o2=>c7h15o2-1+ho2                   4.92E+13   -0.8    34870.0
1329. c7h15o2-2+ho2=>c7h15o2h-2+o2                   1.75E+10    0.0    -3275.1
1330. c7h15o2h-2+o2=>c7h15o2-2+ho2                   4.93E+13   -0.8    34880.0
1331. c7h15o2-3+ho2=>c7h15o2h-3+o2                   1.75E+10    0.0    -3275.1
1332. c7h15o2h-3+o2=>c7h15o2-3+ho2                   4.93E+13   -0.8    34880.0
1333. c7h15o2-1+h2o2=>c7h15o2h-1+ho2                 2.40E+12    0.0    10000.0
1334. c7h15o2h-1+ho2=>c7h15o2-1+h2o2                 2.40E+12    0.0    10000.0
1335. c7h15o2-2+h2o2=>c7h15o2h-2+ho2                 2.40E+12    0.0    10000.0
1336. c7h15o2h-2+ho2=>c7h15o2-2+h2o2                 2.40E+12    0.0    10000.0
1337. c7h15o2-3+h2o2=>c7h15o2h-3+ho2                 2.40E+12    0.0    10000.0
1338. c7h15o2h-3+ho2=>c7h15o2-3+h2o2                 2.40E+12    0.0    10000.0
1339. c7h15o2-1+ch3o2=>c7h15o-1+ch3o+o2              1.40E+16   -1.6     1859.9
1340. c7h15o-1+ch3o+o2=>c7h15o2-1+ch3o2              0.00E+00    0.0        0.0
      Warning...zero pre-exponential factor for forward rate constant of irreversible reaction...
1341. c7h15o2-2+ch3o2=>c7h15o-2+ch3o+o2              1.40E+16   -1.6     1859.9
1342. c7h15o-2+ch3o+o2=>c7h15o2-2+ch3o2              0.00E+00    0.0        0.0
      Warning...zero pre-exponential factor for forward rate constant of irreversible reaction...
1343. c7h15o2-3+ch3o2=>c7h15o-3+ch3o+o2              1.40E+16   -1.6     1859.9
1344. c7h15o-3+ch3o+o2=>c7h15o2-3+ch3o2              0.00E+00    0.0        0.0
      Warning...zero pre-exponential factor for forward rate constant of irreversible reaction...
1345. 2c7h15o2-1=>2c7h15o-1+o2                       1.40E+16   -1.6     1859.9
1346. 2c7h15o-1+o2=>2c7h15o2-1                       0.00E+00    0.0        0.0
      Warning...zero pre-exponential factor for forward rate constant of irreversible reaction...
1347. c7h15o2-1+c7h15o2-2=>c7h15o-1+c7h15o-2+o2      1.40E+16   -1.6     1859.9
1348. c7h15o-1+c7h15o-2+o2=>c7h15o2-1+c7h15o2-2      0.00E+00    0.0        0.0
      Warning...zero pre-exponential factor for forward rate constant of irreversible reaction...
1349. c7h15o2-1+c7h15o2-3=>c7h15o-1+c7h15o-3+o2      1.40E+16   -1.6     1859.9
1350. c7h15o-1+c7h15o-3+o2=>c7h15o2-1+c7h15o2-3      0.00E+00    0.0        0.0
      Warning...zero pre-exponential factor for forward rate constant of irreversible reaction...
1351. 2c7h15o2-2=>2c7h15o-2+o2                       1.40E+16   -1.6     1859.9
1352. 2c7h15o-2+o2=>2c7h15o2-2                       0.00E+00    0.0        0.0
      Warning...zero pre-exponential factor for forward rate constant of irreversible reaction...
1353. c7h15o2-2+c7h15o2-3=>c7h15o-2+c7h15o-3+o2      1.40E+16   -1.6     1859.9
1354. c7h15o-2+c7h15o-3+o2=>c7h15o2-2+c7h15o2-3      0.00E+00    0.0        0.0
      Warning...zero pre-exponential factor for forward rate constant of irreversible reaction...
1355. 2c7h15o2-3=>2c7h15o-3+o2                       1.40E+16   -1.6     1859.9
1356. 2c7h15o-3+o2=>2c7h15o2-3                       0.00E+00    0.0        0.0
      Warning...zero pre-exponential factor for forward rate constant of irreversible reaction...
1357. c7h15o2h-1=>c7h15o-1+oh                        1.50E+16    0.0    42500.0
1358. c7h15o-1+oh=>c7h15o2h-1                        1.75E+09    1.5    -3745.0
1359. c7h15o2h-2=>c7h15o-2+oh                        1.25E+16    0.0    41599.9
1360. c7h15o-2+oh=>c7h15o2h-2                        9.51E+08    1.4    -4525.1
1361. c7h15o2h-3=>c7h15o-3+oh                        1.25E+16    0.0    41599.9
1362. c7h15o-3+oh=>c7h15o2h-3                        9.51E+08    1.4    -4525.1
1363. c7h15o-1=>c6h13-1+ch2o                         4.68E+17   -1.3    20260.0
1364. c6h13-1+ch2o=>c7h15o-1                         1.00E+11    0.0    11900.1
1365. c7h15o-2=>c5h11-1+ch3cho                       8.66E+21   -2.4    21880.0
1366. c5h11-1+ch3cho=>c7h15o-2                       1.00E+11    0.0    12900.1
1367. c7h15o-3=>c2h5cho+pc4h9                        5.60E+21   -2.3    21359.9
1368. c2h5cho+pc4h9=>c7h15o-3                        1.00E+11    0.0    12900.1
1369. c7h14ooh1-2=>c7h14-1+ho2                       5.38E+17   -1.8    19060.0
1370. c7h14-1+ho2=>c7h14ooh1-2                       1.00E+11    0.0    10530.1
1371. c7h14ooh2-3=>c7h14-2+ho2                       8.88E+18   -2.1    21479.9
1372. c7h14-2+ho2=>c7h14ooh2-3                       1.00E+11    0.0    11530.1
1373. c7h14ooh3-2=>c7h14-2+ho2                       8.88E+18   -2.1    21479.9
1374. c7h14-2+ho2=>c7h14ooh3-2                       1.00E+11    0.0    11530.1
1375. c7h14ooh3-4=>c7h14-3+ho2                       6.62E+18   -2.0    20570.0
1376. c7h14-3+ho2=>c7h14ooh3-4                       1.00E+11    0.0    10530.1
1377. c7h14ooh4-3=>c7h14-3+ho2                       1.32E+19   -2.0    20570.0
1378. c7h14-3+ho2=>c7h14ooh4-3                       1.00E+11    0.0    10530.1
1379. c7h14ooh1-3=>c7h14o1-3+oh                      7.50E+10    0.0    15250.0
1380. c7h14o1-3+oh=>c7h14ooh1-3                      0.00E+00    0.0        0.0
      Warning...zero pre-exponential factor for forward rate constant of irreversible reaction...
1381. c7h14ooh1-4=>c7h14o1-4+oh                      9.38E+09    0.0     7000.0
1382. c7h14o1-4+oh=>c7h14ooh1-4                      0.00E+00    0.0        0.0
      Warning...zero pre-exponential factor for forward rate constant of irreversible reaction...
1383. c7h14ooh2-4=>c7h14o2-4+oh                      7.50E+10    0.0    15250.0
1384. c7h14o2-4+oh=>c7h14ooh2-4                      0.00E+00    0.0        0.0
      Warning...zero pre-exponential factor for forward rate constant of irreversible reaction...
1385. c7h14ooh2-5=>c7h14o2-5+oh                      9.38E+09    0.0     7000.0
1386. c7h14o2-5+oh=>c7h14ooh2-5                      0.00E+00    0.0        0.0
      Warning...zero pre-exponential factor for forward rate constant of irreversible reaction...
1387. c7h14ooh3-1=>c7h14o1-3+oh                      7.50E+10    0.0    15250.0
1388. c7h14o1-3+oh=>c7h14ooh3-1                      0.00E+00    0.0        0.0
      Warning...zero pre-exponential factor for forward rate constant of irreversible reaction...
1389. c7h14ooh3-5=>c7h14o3-5+oh                      7.50E+10    0.0    15250.0
1390. c7h14o3-5+oh=>c7h14ooh3-5                      0.00E+00    0.0        0.0
      Warning...zero pre-exponential factor for forward rate constant of irreversible reaction...
1391. c7h14ooh3-6=>c7h14o2-5+oh                      9.38E+09    0.0     7000.0
1392. c7h14o2-5+oh=>c7h14ooh3-6                      0.00E+00    0.0        0.0
      Warning...zero pre-exponential factor for forward rate constant of irreversible reaction...
1393. c7h14ooh4-2=>c7h14o2-4+oh                      7.50E+10    0.0    15250.0
1394. c7h14o2-4+oh=>c7h14ooh4-2                      0.00E+00    0.0        0.0
      Warning...zero pre-exponential factor for forward rate constant of irreversible reaction...
1395. c7h14ooh1-3=>c6h12-1+ch2o+oh                   8.12E+13   -0.1    31090.1
1396. c6h12-1+ch2o+oh=>c7h14ooh1-3                   0.00E+00    0.0        0.0
      Warning...zero pre-exponential factor for forward rate constant of irreversible reaction...
1397. c7h14ooh2-4=>c5h10-1+ch3cho+oh                 5.36E+17   -1.4    26750.0
1398. c5h10-1+ch3cho+oh=>c7h14ooh2-4                 0.00E+00    0.0        0.0
      Warning...zero pre-exponential factor for forward rate constant of irreversible reaction...
1399. c7h14ooh3-1=>c2h4+nc4h9cho+oh                  2.21E+19   -1.7    26979.9
1400. c2h4+nc4h9cho+oh=>c7h14ooh3-1                  0.00E+00    0.0        0.0
      Warning...zero pre-exponential factor for forward rate constant of irreversible reaction...
1401. c7h14ooh3-5=>c2h5cho+c4h8-1+oh                 2.47E+18   -1.6    27020.1
1402. c2h5cho+c4h8-1+oh=>c7h14ooh3-5                 0.00E+00    0.0        0.0
      Warning...zero pre-exponential factor for forward rate constant of irreversible reaction...
1403. c7h14ooh4-2=>c3h6+nc3h7cho+oh                  1.30E+18   -1.5    26800.0
1404. c3h6+nc3h7cho+oh=>c7h14ooh4-2                  0.00E+00    0.0        0.0
      Warning...zero pre-exponential factor for forward rate constant of irreversible reaction...
1405. c7h14ooh1-3o2=>c7h14ooh1-3+o2                  6.00E+23   -2.5    38390.1
1406. c7h14ooh1-3+o2=>c7h14ooh1-3o2                  7.54E+12    0.0        0.0
1407. c7h14ooh2-3o2=>c7h14ooh2-3+o2                  6.35E+23   -2.5    38400.1
1408. c7h14ooh2-3+o2=>c7h14ooh2-3o2                  7.54E+12    0.0        0.0
1409. c7h14ooh2-4o2=>c7h14ooh2-4+o2                  6.35E+23   -2.5    38400.1
1410. c7h14ooh2-4+o2=>c7h14ooh2-4o2                  7.54E+12    0.0        0.0
1411. c7h14ooh2-5o2=>c7h14ooh2-5+o2                  6.35E+23   -2.5    38400.1
1412. c7h14ooh2-5+o2=>c7h14ooh2-5o2                  7.54E+12    0.0        0.0
1413. c7h14ooh3-1o2=>c7h14ooh3-1+o2                  1.60E+21   -2.0    36520.1
1414. c7h14ooh3-1+o2=>c7h14ooh3-1o2                  4.52E+12    0.0        0.0
1415. c7h14ooh3-2o2=>c7h14ooh3-2+o2                  6.35E+23   -2.5    38400.1
1416. c7h14ooh3-2+o2=>c7h14ooh3-2o2                  7.54E+12    0.0        0.0
1417. c7h14ooh3-4o2=>c7h14ooh3-4+o2                  6.35E+23   -2.5    38400.1
1418. c7h14ooh3-4+o2=>c7h14ooh3-4o2                  7.54E+12    0.0        0.0
1419. c7h14ooh3-5o2=>c7h14ooh3-5+o2                  6.35E+23   -2.5    38400.1
1420. c7h14ooh3-5+o2=>c7h14ooh3-5o2                  7.54E+12    0.0        0.0
1421. c7h14ooh3-6o2=>c7h14ooh3-6+o2                  6.35E+23   -2.5    38400.1
1422. c7h14ooh3-6+o2=>c7h14ooh3-6o2                  7.54E+12    0.0        0.0
1423. c7h14ooh4-2o2=>c7h14ooh4-2+o2                  3.19E+23   -2.5    38400.1
1424. c7h14ooh4-2+o2=>c7h14ooh4-2o2                  7.54E+12    0.0        0.0
1425. c7h14ooh4-3o2=>c7h14ooh4-3+o2                  3.19E+23   -2.5    38400.1
1426. c7h14ooh4-3+o2=>c7h14ooh4-3o2                  7.54E+12    0.0        0.0
1427. c7h14ooh1-3o2=>nc7ket13+oh                     2.50E+10    0.0    21400.1
1428. nc7ket13+oh=>c7h14ooh1-3o2                     9.11E+02    1.7    43840.1
1429. c7h14ooh2-3o2=>nc7ket23+oh                     1.00E+11    0.0    23849.9
1430. nc7ket23+oh=>c7h14ooh2-3o2                     1.31E+04    1.5    45870.0
1431. c7h14ooh2-4o2=>nc7ket24+oh                     1.25E+10    0.0    17849.9
1432. nc7ket24+oh=>c7h14ooh2-4o2                     5.56E+01    1.9    43479.9
1433. c7h14ooh2-5o2=>nc7ket25+oh                     1.56E+09    0.0    16049.9
1434. nc7ket25+oh=>c7h14ooh2-5o2                     6.95E+00    1.9    41680.0
1435. c7h14ooh3-1o2=>nc7ket31+oh                     1.25E+10    0.0    17849.9
1436. nc7ket31+oh=>c7h14ooh3-1o2                     4.29E+01    1.9    43750.0
1437. c7h14ooh3-2o2=>nc7ket32+oh                     1.00E+11    0.0    23849.9
1438. nc7ket32+oh=>c7h14ooh3-2o2                     1.17E+04    1.5    46150.1
1439. c7h14ooh3-4o2=>nc7ket34+oh                     1.00E+11    0.0    23849.9
1440. nc7ket34+oh=>c7h14ooh3-4o2                     1.17E+04    1.5    46150.1
1441. c7h14ooh3-5o2=>nc7ket35+oh                     1.25E+10    0.0    17849.9
1442. nc7ket35+oh=>c7h14ooh3-5o2                     5.56E+01    1.9    43479.9
1443. c7h14ooh3-6o2=>nc7ket36+oh                     1.56E+09    0.0    16049.9
1444. nc7ket36+oh=>c7h14ooh3-6o2                     6.95E+00    1.9    41680.0
1445. c7h14ooh4-2o2=>nc7ket42+oh                     1.25E+10    0.0    17849.9
1446. nc7ket42+oh=>c7h14ooh4-2o2                     4.15E+01    1.9    43750.0
1447. c7h14ooh4-3o2=>nc7ket43+oh                     1.00E+11    0.0    23849.9
1448. nc7ket43+oh=>c7h14ooh4-3o2                     1.17E+04    1.5    46150.1
1449. nc7ket13=>ch2cho+nc4h9cho+oh                   1.05E+16    0.0    41599.9
1450. ch2cho+nc4h9cho+oh=>nc7ket13                   0.00E+00    0.0        0.0
      Warning...zero pre-exponential factor for forward rate constant of irreversible reaction...
1451. nc7ket23=>ch3co+nc4h9cho+oh                    1.05E+16    0.0    41599.9
1452. ch3co+nc4h9cho+oh=>nc7ket23                    0.00E+00    0.0        0.0
      Warning...zero pre-exponential factor for forward rate constant of irreversible reaction...
1453. nc7ket24=>ch3coch2+nc3h7cho+oh                 1.05E+16    0.0    41599.9
1454. ch3coch2+nc3h7cho+oh=>nc7ket24                 0.00E+00    0.0        0.0
      Warning...zero pre-exponential factor for forward rate constant of irreversible reaction...
1455. nc7ket25=>c2h5cho+ch2ch2coch3+oh               1.05E+16    0.0    41599.9
1456. c2h5cho+ch2ch2coch3+oh=>nc7ket25               0.00E+00    0.0        0.0
      Warning...zero pre-exponential factor for forward rate constant of irreversible reaction...
1457. nc7ket31=>ch2o+nc4h9coch2+oh                   1.50E+16    0.0    42000.0
1458. ch2o+nc4h9coch2+oh=>nc7ket31                   0.00E+00    0.0        0.0
      Warning...zero pre-exponential factor for forward rate constant of irreversible reaction...
1459. nc7ket32=>ch3cho+nc4h9co+oh                    1.05E+16    0.0    41599.9
1460. ch3cho+nc4h9co+oh=>nc7ket32                    0.00E+00    0.0        0.0
      Warning...zero pre-exponential factor for forward rate constant of irreversible reaction...
1461. nc7ket34=>c2h5co+nc3h7cho+oh                   1.05E+16    0.0    41599.9
1462. c2h5co+nc3h7cho+oh=>nc7ket34                   0.00E+00    0.0        0.0
      Warning...zero pre-exponential factor for forward rate constant of irreversible reaction...
1463. nc7ket35=>c2h5cho+c2h5coch2+oh                 1.05E+16    0.0    41599.9
1464. c2h5cho+c2h5coch2+oh=>nc7ket35                 0.00E+00    0.0        0.0
      Warning...zero pre-exponential factor for forward rate constant of irreversible reaction...
1465. nc7ket36=>c2h5coc2h4p+ch3cho+oh                1.05E+16    0.0    41599.9
1466. c2h5coc2h4p+ch3cho+oh=>nc7ket36                0.00E+00    0.0        0.0
      Warning...zero pre-exponential factor for forward rate constant of irreversible reaction...
1467. nc7ket42=>ch3cho+nc3h7coch2+oh                 1.05E+16    0.0    41599.9
1468. ch3cho+nc3h7coch2+oh=>nc7ket42                 0.00E+00    0.0        0.0
      Warning...zero pre-exponential factor for forward rate constant of irreversible reaction...
1469. nc7ket43=>c2h5cho+nc3h7co+oh                   1.05E+16    0.0    41599.9
1470. c2h5cho+nc3h7co+oh=>nc7ket43                   0.00E+00    0.0        0.0
      Warning...zero pre-exponential factor for forward rate constant of irreversible reaction...
1471. c7h14o1-3+oh=>c6h12-1+h2o+hco                  2.50E+12    0.0        0.0
1472. c6h12-1+h2o+hco=>c7h14o1-3+oh                  0.00E+00    0.0        0.0
      Warning...zero pre-exponential factor for forward rate constant of irreversible reaction...
1473. c7h14o1-4+oh=>c5h10-1+ch2cho+h2o               2.50E+12    0.0        0.0
1474. c5h10-1+ch2cho+h2o=>c7h14o1-4+oh               0.00E+00    0.0        0.0
      Warning...zero pre-exponential factor for forward rate constant of irreversible reaction...
1475. c7h14o2-4+oh=>c5h10-1+ch3co+h2o                2.50E+12    0.0        0.0
1476. c5h10-1+ch3co+h2o=>c7h14o2-4+oh                0.00E+00    0.0        0.0
      Warning...zero pre-exponential factor for forward rate constant of irreversible reaction...
1477. c7h14o2-5+oh=>c4h8-1+ch3coch2+h2o              2.50E+12    0.0        0.0
1478. c4h8-1+ch3coch2+h2o=>c7h14o2-5+oh              0.00E+00    0.0        0.0
      Warning...zero pre-exponential factor for forward rate constant of irreversible reaction...
1479. c7h14o3-5+oh=>c2h5co+c4h8-1+h2o                2.50E+12    0.0        0.0
1480. c2h5co+c4h8-1+h2o=>c7h14o3-5+oh                0.00E+00    0.0        0.0
      Warning...zero pre-exponential factor for forward rate constant of irreversible reaction...
1481. c7h14o1-3+oh=>c2h4+h2o+nc4h9co                 2.50E+12    0.0        0.0
1482. c2h4+h2o+nc4h9co=>c7h14o1-3+oh                 0.00E+00    0.0        0.0
      Warning...zero pre-exponential factor for forward rate constant of irreversible reaction...
1483. c7h14o1-4+oh=>c2h4+h2o+nc3h7coch2              2.50E+12    0.0        0.0
1484. c2h4+h2o+nc3h7coch2=>c7h14o1-4+oh              0.00E+00    0.0        0.0
      Warning...zero pre-exponential factor for forward rate constant of irreversible reaction...
1485. c7h14o2-4+oh=>c3h6+h2o+nc3h7co                 2.50E+12    0.0        0.0
1486. c3h6+h2o+nc3h7co=>c7h14o2-4+oh                 0.00E+00    0.0        0.0
      Warning...zero pre-exponential factor for forward rate constant of irreversible reaction...
1487. c7h14o2-5+oh=>c2h5coch2+c3h6+h2o               2.50E+12    0.0        0.0
1488. c2h5coch2+c3h6+h2o=>c7h14o2-5+oh               0.00E+00    0.0        0.0
      Warning...zero pre-exponential factor for forward rate constant of irreversible reaction...
1489. c7h14o3-5+oh=>c2h5cho+c4h7+h2o                 2.50E+12    0.0        0.0
1490. c2h5cho+c4h7+h2o=>c7h14o3-5+oh                 0.00E+00    0.0        0.0
      Warning...zero pre-exponential factor for forward rate constant of irreversible reaction...
1491. c7h14o1-3+ho2=>c6h12-1+h2o2+hco                5.00E+12    0.0    17700.0
1492. c6h12-1+h2o2+hco=>c7h14o1-3+ho2                0.00E+00    0.0        0.0
      Warning...zero pre-exponential factor for forward rate constant of irreversible reaction...
1493. c7h14o1-4+ho2=>c5h10-1+ch2cho+h2o2             5.00E+12    0.0    17700.0
1494. c5h10-1+ch2cho+h2o2=>c7h14o1-4+ho2             0.00E+00    0.0        0.0
      Warning...zero pre-exponential factor for forward rate constant of irreversible reaction...
1495. c7h14o2-4+ho2=>c5h10-1+ch3co+h2o2              5.00E+12    0.0    17700.0
1496. c5h10-1+ch3co+h2o2=>c7h14o2-4+ho2              0.00E+00    0.0        0.0
      Warning...zero pre-exponential factor for forward rate constant of irreversible reaction...
1497. c7h14o2-5+ho2=>c4h8-1+ch3coch2+h2o2            5.00E+12    0.0    17700.0
1498. c4h8-1+ch3coch2+h2o2=>c7h14o2-5+ho2            0.00E+00    0.0        0.0
      Warning...zero pre-exponential factor for forward rate constant of irreversible reaction...
1499. c7h14o3-5+ho2=>c2h5co+c4h8-1+h2o2              5.00E+12    0.0    17700.0
1500. c2h5co+c4h8-1+h2o2=>c7h14o3-5+ho2              0.00E+00    0.0        0.0
      Warning...zero pre-exponential factor for forward rate constant of irreversible reaction...
1501. c7h14o1-3+ho2=>c2h4+h2o2+nc4h9co               5.00E+12    0.0    17700.0
1502. c2h4+h2o2+nc4h9co=>c7h14o1-3+ho2               0.00E+00    0.0        0.0
      Warning...zero pre-exponential factor for forward rate constant of irreversible reaction...
1503. c7h14o1-4+ho2=>c2h4+h2o2+nc3h7coch2            5.00E+12    0.0    17700.0
1504. c2h4+h2o2+nc3h7coch2=>c7h14o1-4+ho2            0.00E+00    0.0        0.0
      Warning...zero pre-exponential factor for forward rate constant of irreversible reaction...
1505. c7h14o2-4+ho2=>c3h6+h2o2+nc3h7co               5.00E+12    0.0    17700.0
1506. c3h6+h2o2+nc3h7co=>c7h14o2-4+ho2               0.00E+00    0.0        0.0
      Warning...zero pre-exponential factor for forward rate constant of irreversible reaction...
1507. c7h14o2-5+ho2=>c2h5coch2+c3h6+h2o2             5.00E+12    0.0    17700.0
1508. c2h5coch2+c3h6+h2o2=>c7h14o2-5+ho2             0.00E+00    0.0        0.0
      Warning...zero pre-exponential factor for forward rate constant of irreversible reaction...
1509. c7h14o3-5+ho2=>c2h5cho+c4h7+h2o2               5.00E+12    0.0    17700.0
1510. c2h5cho+c4h7+h2o2=>c7h14o3-5+ho2               0.00E+00    0.0        0.0
      Warning...zero pre-exponential factor for forward rate constant of irreversible reaction...
1511. nc4h9coch2=>ch2co+pc4h9                        1.55E+18   -1.4    43140.1
1512. ch2co+pc4h9=>nc4h9coch2                        1.00E+11    0.0    11599.9
1513. c7h14ooh1-3=>c4h7ooh1-4+nc3h7                  3.82E+14   -0.7    27469.9
1514. c4h7ooh1-4+nc3h7=>c7h14ooh1-3                  8.50E+10    0.0     7799.9
1515. c7h14ooh1-4=>c2h4+c5h10-1+ho2                  2.44E+16   -1.1    29450.0
1516. c2h4+c5h10-1+ho2=>c7h14ooh1-4                  0.00E+00    0.0        0.0
      Warning...zero pre-exponential factor for forward rate constant of irreversible reaction...
1517. c7h14ooh2-4=>c2h5+c5h9ooh1-4                   1.67E+18   -1.8    27669.9
1518. c2h5+c5h9ooh1-4=>c7h14ooh2-4                   9.25E+10    0.0     7799.9
1519. c7h14ooh2-5=>c3h6ooh2-1+c4h8-1                 2.13E+16   -1.0    28800.0
1520. c3h6ooh2-1+c4h8-1=>c7h14ooh2-5                 8.50E+10    0.0     7799.9
1521. c7h15-1+ho2=>c7h15o-1+oh                       7.00E+12    0.0    -1000.0
1522. c7h15o-1+oh=>c7h15-1+ho2                       1.13E+16   -0.8    26990.0
1523. c7h15-2+ho2=>c7h15o-2+oh                       7.00E+12    0.0    -1000.0
1524. c7h15o-2+oh=>c7h15-2+ho2                       1.97E+18   -1.4    28890.1
1525. c7h15-3+ho2=>c7h15o-3+oh                       7.00E+12    0.0    -1000.0
1526. c7h15o-3+oh=>c7h15-3+ho2                       1.97E+18   -1.4    28890.1
1527. c7h15-1+ch3o2=>c7h15o-1+ch3o                   7.00E+12    0.0    -1000.0
1528. c7h15o-1+ch3o=>c7h15-1+ch3o2                   1.10E+18   -1.3    31750.0
1529. c7h15-2+ch3o2=>c7h15o-2+ch3o                   7.00E+12    0.0    -1000.0
1530. c7h15o-2+ch3o=>c7h15-2+ch3o2                   1.92E+20   -1.9    33659.9
1531. c7h15-3+ch3o2=>c7h15o-3+ch3o                   7.00E+12    0.0    -1000.0
1532. c7h15o-3+ch3o=>c7h15-3+ch3o2                   1.92E+20   -1.9    33659.9
1533. c4h7ooh1-4=>c4h7o1-4+oh                        2.02E+20   -1.5    47039.9
1534. c4h7o1-4+oh=>c4h7ooh1-4                        2.00E+13    0.0        0.0
1535. c5h9ooh1-4=>c5h9o1-4+oh                        1.18E+20   -1.4    46049.9
1536. c5h9o1-4+oh=>c5h9ooh1-4                        2.00E+13    0.0        0.0
1537. c4h7o1-4=>c3h5-a+ch2o                          2.41E+16   -1.1     7549.9
1538. c3h5-a+ch2o=>c4h7o1-4                          1.00E+11    0.0    11900.1
1539. c5h9o1-4=>c3h5-a+ch3cho                        7.72E+20   -2.4     5890.1
1540. c3h5-a+ch3cho=>c5h9o1-4                        5.00E+10    0.0     9599.9

 UNITS for the preceding reactions (unless otherwise noted):
       A units mole-cm-sec-K, E units cal/mole




 NO ERRORS FOUND ON INPUT: 
 ASCII Vers. 4.5.0 CHEMKIN linkfile chem.asc written.


      NOTE (for information purposes only),
      the following species do not participate in any reaction:
      Ar               n2              

 GAS PHASE WORKING SPACE REQUIREMENTS ARE
    INTEGER:      87201
    REAL:         27570
    CHARACTER:      167

***NOTE:  There are WARNING messages in the printout above***

 Total CPUtime: 1 second or less
